Relic.Manual.41023	·<color=#d6b85b>เมื่อใช้<color=#a024ff>สกิลรบ</color>:</color> ทำให้ศัตรูที่ใกล้ที่สุดติด <color=#e92f2f>[เลือดออก]</color>
Relic.Manual.41024	·อัตราสะสมแปรปรวน +30%
Relic.Manual.41025	·กระสุนสร้างความเสียหายธาตุของอาวุธรองเพิ่ม 30%
Relic.Manual.41026	·พลังโจมตีกระสุนสูงสุด +35%\\n อัตรา<link=\\"9034\\">ทุบหนัก</link> +20%
Relic.Manual.41027	·<color=#d6b85b><link=\\"9001\\">ออกเดินทาง เมื่อใช้ท่าไม้ตาย:</link></color> ในด่านนี้ การใช้สกิลรบครั้งถัดไป 1 ครั้งไม่เข้าคูลดาวน์
Relic.Manual.41028	·พลังโจมตีกระสุนสูงสุด +35%, อัตรา<link=\\"9034\\">ทุบหนัก</link> +20%\\n·<color=#d6b85b><link=\\"9001\\">ออกเดินทาง:</link></color> อัตรา<link=\\"9034\\">ทุบหนัก</link> +2% ถาวร
Relic.Manual.41029	·<color=#e92f2f>ความเสียหายกายภาพ</color>+20%\\n·<color=#d6b85b><link=\\"9002\\">ปลายทาง:</link></color> <color=#a024ff>ความเสียหายสกิลรบ</color> +4% ถาวร
Relic.Manual.41030	·<color=#e92f2f>ความเสียหายกายภาพ</color> +20%\\n·<color=#d6b85b><link=\\"9002\\">[ปลายทาง]:</link></color> ความเสียหายจาก<link=\\"9033\\">แปรปรวน</link> +4% ถาวร
Relic.Manual.41031	·<color=#d6b85b>เมื่อใช้<color=#a024ff>สกิลรบ</color>:</color> อัตรายิง +50% และกระสุน<color=#d6b85b><link=\\"9034\\">ทุบหนัก</link></color>แน่นอน สิ้นสุดเมื่อรีโหลด\\n·เมื่อ<color=#d6b85b><link=\\"9034\\">ทุบหนัก</link>:</color> เพิ่ม<color=#e92f2f>ใบมีดแตกสลาย</color> เพิ่มค่าสะสม <color=#e92f2f><link=\\"9011\\">[เลือดออก]</link></color> 15
Relic.Manual.41032	·พลังโจมตีกระสุนสูงสุด +35%\\n·อัตรา<link=\\"9034\\">ทุบหนัก</link> +20% \\n·<color=#d6b85b>เมื่อ<link=\\"9034\\">ทุบหนัก</link>:</color> <color=#e92f2f>หอกเลือด</color>เจาะทะลุศัตรู เพิ่มค่าสะสม <color=#e92f2f><link=\\"9011\\">[เลือดออก]</link></color> 35
Relic.Manual.41033	·พลังโจมตีกระสุนสูงสุด +50%\\n·<color=#d6b85b><link=\\"9001\\">ออกเดินทาง:</link></color> หลังเข้าสู่การต่อสู้ อัตรายิงและความเร็วรีโหลด +45% นาน 20 วินาที
Relic.Manual.41034	·<color=#e92f2f>ความเสียหายกายภาพ</color> +30%\\n·<color=#d6b85b><link=\\"9001\\">ออกเดินทาง:</link></color> ฟื้นค่าท่าไม้ตาย 35%
Relic.Manual.41035	·<color=#d6b85b><link=\\"9001\\">ออกเดินทาง:</link></color> <color=#e92f2f>ความเสียหายกายภาพ</color> +3% ถาวร\\n·เมื่อโจมตีศัตรูที่พลังชีวิตต่ำกว่า 50% พลังโจมตีกระสุน +100%
Relic.Manual.41036	·<color=#d6b85b>เมื่อเกิด </color><color=#e92f2f><link=\\"9011\\">[เลือดออก]</link></color><color=#d6b85b>:</color> ลดความต้านทานทั้งหมดของเป้าหมาย 2% ซ้อนได้ไม่จำกัด
Relic.Manual.41037	·พลังโจมตีกระสุนสูงสุด +35%\\n·อัตรา<link=\\"9034\\">ทุบหนัก</link> +20%\\n·<color=#d6b85b><link=\\"9034\\">เมื่อทุบหนัก</link>:</color> ทำให้ศัตรูทุกตัวในระยะ 200 หลาติด <color=#e92f2f>[เลือดสาด]</color> โดย <color=#e92f2f>[เลือดสาด]</color> นับเป็น <color=#e92f2f><link=\\"9011\\">[เลือดออก]</link></color>
Relic.Manual.41038	·อัตราสะสมแปรปรวน +30%\\n·หลังทำให้ศัตรูติดแปรปรวน 5 ครั้ง <color=#e92f2f>จันทร์เลือด</color>จะสาปศัตรูตัวนั้น สร้าง<color=#e92f2f>ความเสียหายกายภาพ</color> 600% ความเสียหายนี้นับเป็นความเสียหายแปรปรวน
Relic.Manual.41039	·<color=#d6b85b>เมื่อใช้ท่าไม้ตาย:</color> ปล่อย<color=#e92f2f>คำสาปเลือด</color>ใส่ศัตรูที่ใกล้ที่สุด สร้าง<color=#e92f2f>ความเสียหายกายภาพ</color> 300% หลัง<color=#e92f2f>คำสาปเลือด</color>สร้างความเสียหาย จะกระตุ้นเอฟเฟกต์<color=#d6b85b><link=\\"9001\\">ออกเดินทาง</link></color>ทั้งหมดของคุณ
Relic.Manual.41040	·<color=#e92f2f>ความเสียหายกายภาพ</color> +100%\\n·<color=#d6b85b>เมื่อเข้าด่าน:</color> ครั้งแรกที่แยกชิ้นส่วนเรลิค<color=#e92f2f>กายภาพ</color>อื่น จะได้รับเอฟเฟกต์ของมันถาวร (พาสซีฟเฉพาะ)
Relic.Manual.41041	·<color=#d6b85b>เมื่อเกิด</color><color=#e92f2f><link=\\"9011\\">[เลือดออก]</link></color><color=#d6b85b>:</color> สร้างความเสียหาย<color=#e92f2f>กายภาพ</color>จาก<color=#a024ff>สกิลรบ</color>เพิ่ม 300%\\n·<color=#d6b85b>เมื่อใช้สกิลรบ:</color> กระตุ้น <color=#e92f2f><link=\\"9011\\">[เลือดออก]</link></color> กับศัตรูทุกตัว
Relic.Manual.41042	·<color=#d6b85b><link=\\"9001\\">ออกเดินทาง:</link></color> อัตรา<link=\\"9034\\">ทุบหนัก</link> +5% ถาวร\\n·<color=#e92f2f><link=\\"9011\\">[เลือดออก]</link></color> ออกคริติคอลได้ และอัตรา<link=\\"9034\\">ทุบหนัก</link>ยังเพิ่มอัตราคริติคอลของ <color=#e92f2f><link=\\"9011\\">[เลือดออก]</link></color> ด้วย\\n·อัตรา<link=\\"9034\\">ทุบหนัก</link>ส่วนเกินแปลงเป็นความเสียหาย <color=#e92f2f><link=\\"9011\\">[เลือดออก]</link></color> สองเท่า
Relic.Manual.41043	·<color=#d6b85b><link=\\"9001\\">ออกเดินทาง</link></color>, <color=#d6b85b><link=\\"9002\\">ปลายทาง</link></color>, <color=#d6b85b>เมื่อใช้ท่าไม้ตาย:</color> ความเสียหาย <color=#e92f2f><link=\\"9011\\">[เลือดออก]</link></color> +4% ถาวร\\n·<color=#d6b85b>เมื่อเกิด</color> <color=#e92f2f><link=\\"9011\\">[เลือดออก]</link></color><color=#d6b85b>:</color> มีโอกาส 20% สร้างความเสียหาย 10 เท่า
Relic.Manual.41044	·<color=#d6b85b>เมื่อยิง:</color> <color=#99b7bb><link=\\"9035\\">โอกาสปรับตัว</link></color> 50% ที่จะยิง<color=#11f7ef>หนามน้ำแข็ง</color>เพิ่ม 1 ลูก ทำให้ติด <color=#11f7ef><link=\\"9012\\">[แช่แข็ง]</link></color> ตลอดแนว
Relic.Manual.41045	·ความเสียหายสุดท้าย +10%
Relic.Manual.41046	·<color=#d6b85b><link=\\"9001\\">ออกเดินทาง:</link></color> รับ <color=#11f7ef><link=\\"9025\\">[เกราะ]</link></color> 2
Relic.Manual.41047	·บล็อกความเสียหายครั้งถัดไป แล้ว<color=#d6b85b><link=\\"9022\\">[แตกสลาย]</link></color> \\n·<color=#d6b85b><link=\\"9022\\">[แตกสลาย]</link></color>: รับ <color=#11f7ef><link=\\"9025\\">[เกราะ]</link></color> 10
Relic.Manual.41048	·<color=#d6b85b><link=\\"9001\\">ออกเดินทาง:</link></color> รับ <color=#11f7ef><link=\\"9025\\">[เกราะ]</link></color> 1\\n·<color=#d6b85b>เมื่อเสีย <color=#11f7ef><link=\\"9025\\">[เกราะ]</link></color>: </color>ทุก 1 ชั้นของ <color=#d6b85b>[เกราะ]</color> ที่เสียไป ความเสียหายสุดท้าย +2% จนออกจากการต่อสู้
Relic.Manual.41049	·<color=#d6b85b><link=\\"9001\\">ออกเดินทาง:</link></color> รับ <color=#11f7ef><link=\\"9025\\">[เกราะ]</link></color> 3 \\n·<color=#d6b85b><link=\\"9022\\">[แตกสลาย]</link></color>: รับเอฟเฟกต์ <color=#d6b85b>[ออกเดินทาง]</color> ของเรลิคนี้ถาวร แต่เกราะที่ได้ลดเหลือ 1
Relic.Manual.41050	·<color=#d6b85b><link=\\"9002\\">ปลายทาง:</link></color> รับ <color=#11f7ef><link=\\"9025\\">[เกราะ]</link></color> 2 \\n·<color=#d6b85b>เมื่อมี <color=#11f7ef><link=\\"9025\\">[เกราะ]</link></color>: </color>+1 ลูกกระสุน
Relic.Manual.41051	·<color=#d6b85b><link=\\"9001\\">ออกเดินทาง:</link></color> รับ <color=#11f7ef><link=\\"9025\\">[เกราะ]</link></color> 1\\n·<color=#d6b85b>เมื่อมี <color=#11f7ef><link=\\"9025\\">[เกราะ]</link></color>: </color>อัตราคริติคอล +25%
Relic.Manual.41052	·<color=#11f7ef>ความเสียหายเยือกแข็ง</color> +20%\\n·<color=#d6b85b>เมื่อใช้<color=#a024ff>สกิลรบ</color>:</color> ครั้งถัดไปที่สร้างความเสียหาย จะปล่อย<color=#11f7ef>พายุหิมะ</color>ที่กระตุ้น <color=#11f7ef><link=\\"9012\\">[แช่แข็ง]</link></color>
Relic.Manual.41053	·<color=#d6b85b>เมื่อกระสุนสร้างความเสียหาย:</color> กระตุ้น<color=#11f7ef>ระเบิดน้ำแข็ง</color>ในวงแคบ สร้าง<color=#11f7ef>ความเสียหายเยือกแข็ง</color>เท่ากับ 120% ของพลังโจมตีกระสุน
Relic.Manual.41054	·<color=#d6b85b><link=\\"9001\\">ออกเดินทาง:</link></color> รับ <color=#11f7ef><link=\\"9025\\">[เกราะ]</link></color> 3 \\n·<color=#d6b85b><link=\\"9002\\">ปลายทาง:</link></color> รับ <color=#11f7ef><link=\\"9025\\">[เกราะ]</link></color> 3
Relic.Manual.41055	·<color=#d6b85b><link=\\"9001\\">ออกเดินทาง:</link></color> รับ <color=#11f7ef><link=\\"9025\\">[เกราะ]</link></color> 1 \\n·<color=#11f7ef><link=\\"9025\\">[เกราะ]</link></color> ทุก 1 ชั้นเพิ่มความเสียหายสุดท้าย 0.5%
Relic.Manual.41056	·<color=#d6b85b><link=\\"9002\\">ปลายทาง:</link></color> รับ <color=#11f7ef><link=\\"9025\\">[เกราะ]</link></color> 2 \\n·<color=#d6b85b><link=\\"9022\\">[แตกสลาย]</link></color>: ในเกมนี้ ทุกครั้งที่ได้ <color=#11f7ef><link=\\"9025\\">[เกราะ]</link></color> จะได้เพิ่มอีก 1 ชั้น
Relic.Manual.41057	·<color=#11f7ef>ความเสียหายเยือกแข็ง</color> +30%\\n·เมื่อ <color=#11f7ef><link=\\"9012\\">[แช่แข็ง]</link></color> สิ้นสุด จะกระตุ้น<color=#11f7ef>ระเบิดน้ำแข็ง</color> สร้าง<color=#11f7ef>ความเสียหายเยือกแข็ง</color> 35% แก่ศัตรูในวงแคบ
Relic.Manual.41058	·<color=#11f7ef><link=\\"9012\\">[แช่แข็ง]</link></color> ออกคริติคอลได้\\n·<color=#11f7ef><link=\\"9025\\">[เกราะ]</link></color> ทุก 1 ชั้นที่มีเพิ่มอัตราคริติคอลของ <color=#11f7ef><link=\\"9012\\">[แช่แข็ง]</link></color> 1%
Relic.Manual.41059	·<color=#d6b85b><link=\\"9002\\">ปลายทาง:</link></color> รับ <color=#11f7ef><link=\\"9025\\">[เกราะ]</link></color> 1\\n·<color=#11f7ef><link=\\"9025\\">[เกราะ]</link></color>ทุก 1 ชั้นที่มีเพิ่ม<color=#11f7ef>ความเสียหายเยือกแข็ง</color> 0.5%
Relic.Manual.41060	·<color=#d6b85b><link=\\"9001\\">ออกเดินทาง:</link></color> รับ <color=#11f7ef><link=\\"9025\\">[เกราะ]</link></color> 4\\n·<color=#d6b85b>เมื่อยิง:</color> <color=#99b7bb><link=\\"9035\\">โอกาสปรับตัว</link></color> 50% ที่จะเรียก<color=#11f7ef>อุกกาบาตน้ำแข็ง</color>ลงใส่ศัตรูที่ใกล้ที่สุด ทำให้ศัตรูในพื้นที่เป้าหมายติด <color=#11f7ef><link=\\"9012\\">[แช่แข็ง]</link></color>\\n·<color=#11f7ef><link=\\"9025\\">[เกราะ]</link></color> ทุก 1 ชั้นที่มีเพิ่มความเสียหาย <color=#11f7ef><link=\\"9012\\">[แช่แข็ง]</link></color> 0.5%
Relic.Manual.41061	·<color=#d6b85b><link=\\"9001\\">ออกเดินทาง,</link></color>,<color=#d6b85b><link=\\"9002\\">ปลายทาง:</link></color> รับ <color=#11f7ef><link=\\"9025\\">[เกราะ]</link></color> 8\\n·<color=#d6b85b>เมื่อถูกโจมตี:</color> ความเสียหายที่ได้รับจะไม่เกินจำนวนชั้น <color=#11f7ef><link=\\"9025\\">[เกราะ]</link></color> ของคุณ\\n·ขีดจำกัด <color=#11f7ef><link=\\"9025\\">[เกราะ]</link></color> +1000\\n·<color=#d6b85b>เมื่อได้รับ <color=#11f7ef><link=\\"9025\\">[เกราะ]</link></color>:</color> ได้เกราะ +100%
Relic.Manual.41062	·ทุก 5 วินาที ปล่อย<color=#11f7ef>ตาพายุ</color>ใส่ศัตรูที่ใกล้ที่สุด สร้าง<color=#11f7ef>ความเสียหายเยือกแข็ง</color> 200% ต่อวินาที\\n·<color=#11f7ef><link=\\"9025\\">[เกราะ]</link></color> ทุก 1 ชั้นที่มีเพิ่มความเสียหายของตาพายุ 5%
Relic.Manual.41063	·<color=#d6b85b>เมื่อใช้ท่าไม้ตาย:</color> สร้าง<color=#11f7ef>ความเสียหายเยือกแข็ง</color> 250% แก่ศัตรูทุกตัวและทำให้ติด <color=#11f7ef><link=\\"9012\\">[แช่แข็ง]</link></color> ศัตรูที่โดนแต่ละตัวให้ <color=#11f7ef><link=\\"9025\\">[เกราะ]</link></color> 1\\n<color=#d6b85b>เมื่อได้รับ <color=#11f7ef><link=\\"9025\\">[เกราะ]</link></color>: </color>จำนวนที่ได้ +50%
Relic.Manual.41064	·<color=#d6b85b>เมื่อใช้ท่าไม้ตาย:</color> ยิง<color=#11f7ef>ธารน้ำแข็งยักษ์</color>ใส่ศัตรูที่ใกล้ที่สุด สร้าง<color=#11f7ef>ความเสียหายเยือกแข็ง</color> 300% หลัง<color=#11f7ef>ธารน้ำแข็งยักษ์</color>สร้างความเสียหาย จะกระตุ้นเอฟเฟกต์<color=#d6b85b><link=\\"9002\\">[ปลายทาง]</link></color>ทั้งหมดของคุณ
Relic.Manual.41065	·<color=#d6b85b>หลบ:</color> เข้าสู่สถานะ <color=#f7e301><link=\\"9021\\">[โอเวอร์โหลด]</link></color> นาน 2 วินาที\\n·<color=#d6b85b>ระหว่าง</color> <color=#f7e301><link=\\"9021\\">[โอเวอร์โหลด]</link></color><color=#d6b85b>:</color> อัตรายิง +15%, ความเร็วรีโหลด +15%
Relic.Manual.41066	·<color=#d6b85b>หลบ:</color> เข้าสู่สถานะ <color=#f7e301><link=\\"9021\\">[โอเวอร์โหลด]</link></color> นาน 2 วินาที\\n·<color=#d6b85b>ระหว่างสถานะ <color=#f7e301><link=\\"9021\\">[โอเวอร์โหลด]</link></color>:</color> ความเร็วเคลื่อนที่และระยะหลบ +40%
Relic.Manual.41067	·<color=#d6b85b>เมื่อยิง:</color> <color=#99b7bb><link=\\"9035\\">โอกาสปรับตัว</link></color> 80% ที่จะปล่อย<color=#f7e301>สายฟ้าลูกโซ่</color>เพิ่ม 1 ครั้ง สร้าง<color=#f7e301>ความเสียหายสายฟ้า</color> 80% เด้งได้สูงสุด 3 ครั้ง
Relic.Manual.41068	·อัตรายิง +8%\\n·ความเร็วรีโหลด +8%
Relic.Manual.41069	·<color=#d6b85b><link=\\"9031\\">[นัดแรก]</link></color>: เข้าสู่สถานะ <color=#f7e301><link=\\"9021\\">[โอเวอร์โหลด]</link></color> นาน 2 วินาที\\n·<color=#d6b85b>ระหว่างสถานะ</color> <color=#f7e301><link=\\"9021\\">[โอเวอร์โหลด]</link></color> <color=#d6b85b>:</color> ความเสียหายสุดท้าย +40%
Relic.Manual.41070	·<color=#d6b85b>เมื่อใช้<color=#a024ff>สกิลรบ</color>:</color> เข้าสู่สถานะ <color=#f7e301><link=\\"9021\\">[โอเวอร์โหลด]</link></color> นาน 6 วินาที \\n·<color=#d6b85b>ระหว่างสถานะ</color> <color=#f7e301><link=\\"9021\\">[โอเวอร์โหลด]</link></color> <color=#d6b85b>: </color>+2 ลูกกระสุน
Relic.Manual.41071	·<color=#d6b85b>เมื่อเกิดแปรปรวน:</color> เข้าสู่สถานะ <color=#f7e301><link=\\"9021\\">[โอเวอร์โหลด]</link></color> นาน 2 วินาที\\n·<color=#d6b85b>ระหว่างสถานะ</color> <color=#f7e301><link=\\"9021\\">[โอเวอร์โหลด]</link></color> <color=#d6b85b>:</color> <color=#a024ff>ความเสียหายสกิลรบ</color> +100%
Relic.Manual.41072	·<color=#d6b85b>เมื่อเกิด<link=\\"9033\\">แปรปรวน</link>:</color> เรียก<color=#f7e301>สายฟ้าสวรรค์</color>ลงใส่ศัตรู สร้าง<color=#f7e301>ความเสียหายสายฟ้า</color>ของอาวุธ 80%
Relic.Manual.41073	·อัตรายิง +20%\\n·<color=#d6b85b>เมื่อกระสุนสร้างความเสียหาย:</color> <color=#99b7bb><link=\\"9035\\">โอกาสปรับตัว</link></color> 20% ที่จะกระตุ้น<color=#f7e301>วงไฟฟ้า</color> ทำให้ศัตรูทุกตัวใน<color=#f7e301>วงไฟฟ้า</color>ติด <color=#f7e301><link=\\"9013\\">[ปั่นป่วน]</link></color>
Relic.Manual.41074	·<color=#f7e301>ความเสียหายสายฟ้า</color> +20% \\n·<color=#d6b85b>เมื่อเกิด<link=\\"9033\\">แปรปรวน</link>:</color> นัดถัดไป +2 ลูกกระสุน, พลังโจมตีกระสุน +40%
Relic.Manual.41075	·<color=#d6b85b>เมื่อยิง:</color> <color=#99b7bb><link=\\"9035\\">โอกาสปรับตัว</link></color> 15% ที่จะเข้าสู่สถานะ <color=#f7e301><link=\\"9021\\">[โอเวอร์โหลด]</link></color> นาน 6 วินาที\\n·<color=#d6b85b>ระหว่างสถานะ </color><color=#f7e301><link=\\"9021\\">[โอเวอร์โหลด]</link></color><color=#d6b85b>:</color> อัตรายิง +35%, ความเร็วรีโหลด +35%
Relic.Manual.41076	 อัตราสะสมท่าไม้ตาย +20%\\n·<color=#d6b85b>เมื่อใช้ท่าไม้ตาย:</color> ยิง<color=#f7e301>กระสุนเก็บประจุ</color> 10 นัด แต่ละนัดสร้าง<color=#f7e301>ความเสียหายสายฟ้า</color> 200% และสร้างความเสียหายสองเท่าต่อศัตรูที่ติด<color=#f7e301><link=\\"9013\\">[ปั่นป่วน]</link></color>
Relic.Manual.41077	·ความเสียหายแปรปรวน +50%\\n·<color=#d6b85b>เมื่อกระสุนสร้างความเสียหาย:</color> เพิ่ม<color=#f7e301>ความเสียหายสายฟ้า</color> 30 ซึ่งนับเป็นความเสียหายแปรปรวนด้วย
Relic.Manual.41078	·<color=#d6b85b>เมื่อใช้ท่าไม้ตาย:</color> เข้าสู่สถานะ <color=#f7e301><link=\\"9021\\">[โอเวอร์โหลด]</link></color> นาน 6 วินาที\\n·<color=#d6b85b>ระหว่างสถานะ </color><color=#f7e301><link=\\"9021\\">[โอเวอร์โหลด]</link></color> <color=#d6b85b>:</color> ยิง<color=#f7e301>สายฟ้าลูกโซ่</color>อัตโนมัติ 1 ครั้งทุก 1 วินาที สร้าง<color=#f7e301>ความเสียหายสายฟ้า</color> 50% และทำให้ติด <color=#f7e301><link=\\"9013\\">[ปั่นป่วน]</link></color>\\n·<color=#f7e301>สายฟ้าลูกโซ่</color>เด้งใส่ตัวคุณเองได้ และเด้ง 2 ครั้ง\\n·<color=#bd30e7>สนามปั่นป่วน</color>เพิ่มเติมจะไม่ยิง<color=#f7e301>สายฟ้าลูกโซ่</color>ใหม่ แต่เพิ่มการเด้งให้ +4 ครั้งแทน
Relic.Manual.41079	·<color=#d6b85b>เมื่อใช้ท่าไม้ตาย:</color> <color=#f7e301>ความเสียหายสายฟ้า</color> +3% ถาวร\\n·<color=#d6b85b>เมื่อเกิด</color><color=#f7e301><link=\\"9013\\">[ปั่นป่วน]</link></color><color=#d6b85b>:</color> หากเป้าหมายติด <color=#f7e301><link=\\"9013\\">[ปั่นป่วน]</link></color> อยู่แล้ว จะปล่อย<color=#f7e301>พายุฟ้าคะนอง</color>ในวงแคบ สร้าง<color=#f7e301>ความเสียหายสายฟ้า</color> 150%
Relic.Manual.41080	·<color=#f7e301>ความเสียหายสายฟ้า</color> +30%\\n·เพดานความเสียหาย <color=#f7e301><link=\\"9013\\">[ปั่นป่วน]</link></color> +10%\\n<color=#f7e301><link=\\"9021\\">[โอเวอร์โหลด]:</link></color><color=#f7e301><link=\\"9013\\">[ปั่นป่วน]</link></color> สร้างความเสียหายสูงสุดเสมอ
Relic.Manual.41081	·<color=#d6b85b>เมื่อใช้ท่าไม้ตาย:</color> เข้าสู่<color=#f7e301>สถานะ <link=\\"9021\\">[โอเวอร์โหลด]</link></color> นาน 10 วินาที\\n·<color=#d6b85b>ระหว่างสถานะ </color><color=#f7e301><link=\\"9021\\">[โอเวอร์โหลด]</link></color><color=#d6b85b>:</color> เมื่อยิง มี<color=#99b7bb><link=\\"9035\\">โอกาสปรับตัว</link></color> 60% ที่จะปล่อย<color=#f7e301>สายฟ้าลูกโซ่</color> สร้าง<color=#f7e301>ความเสียหายแปรปรวนสายฟ้า</color> 170% แก่เป้าหมายและทำให้ติด <color=#f7e301><link=\\"9013\\">[ปั่นป่วน]</link></color> <color=#f7e301>สายฟ้าลูกโซ่</color>เด้งได้สูงสุด 4 ครั้ง
Relic.Manual.41082	·<color=#d6b85b><link=\\"9031\\">[นัดแรก]</link></color>: เพิ่ม<color=#f7e301>ลูกศรสายฟ้า</color>ที่เจาะทะลุศัตรูตลอดแนว สร้าง<color=#f7e301>ความเสียหายสายฟ้า</color> 200% ลูกกระสุนส่วนเพิ่มแต่ละลูกเพิ่ม<color=#f7e301>ความเสียหายสายฟ้า</color>อีก 50%\\n·ลูกศรสายฟ้านับเป็นความเสียหายกระสุน แปรปรวน และ<color=#a024ff>สกิลรบ</color>\\n·<color=#d6b85b>เมื่อเข้าสู่สถานะ <color=#f7e301><link=\\"9021\\">[โอเวอร์โหลด]</link></color>:</color> รีโหลดอาวุธทันที
Relic.Manual.41083	·<color=#f7e301>ความเสียหายสายฟ้า</color> +40%\\n·<color=#f7e301><link=\\"9021\\">[โอเวอร์โหลด]</link></color>: เอฟเฟกต์ <color=#f7e301><link=\\"9021\\">[โอเวอร์โหลด]</link></color> อื่นทั้งหมดและ<color=#f7e301>ความเสียหายสายฟ้า</color>คูณสอง (พาสซีฟเฉพาะ)
Relic.Manual.41084	·<color=#d6b85b>เมื่อใช้ท่าไม้ตาย:</color> คืนค่าท่าไม้ตาย 50%\\n·<color=#d6b85b>เมื่อใช้ท่าไม้ตาย:</color> สายฟ้าจะห่อหุ้มคุณไว้ ไม่รับความเสียหายใดๆ นาน 2 วินาที
Relic.Manual.41085	·<color=#d6b85b>เมื่อเกิด <color=#f7e301><link=\\"9013\\">[ปั่นป่วน]</link></color>:</color> ฟื้นค่าท่าไม้ตาย 1%\\n·<color=#d6b85b>เมื่อใช้ท่าไม้ตาย:</color> ปล่อย<color=#f7e301>วงสายฟ้า</color>เต้นเป็นจังหวะรอบตัว ขณะ<color=#f7e301>วงสายฟ้า</color>ขยายและหด จะสร้าง<color=#f7e301>ความเสียหายสายฟ้า</color> 500% แก่ศัตรูที่โดนและทำให้ติด <color=#f7e301><link=\\"9013\\">[ปั่นป่วน]</link></color>
Relic.Manual.41086	·อัตราคริติคอล +15%\\n·<color=#d6b85b><link=\\"9022\\">[แตกสลาย]</link></color>：รับ <color=#f44f06><link=\\"9023\\">[เถ้าเพลิง]</link></color> 2 ชั้นถาวร
Relic.Manual.41087	·<color=#d6b85b><link=\\"9032\\">[นัดสุดท้าย]</link></color>: <color=#99b7bb><link=\\"9035\\">โอกาสปรับตัว</link></color> 20% ที่จะยิง<color=#f44f06>กระสุนเพลิง</color>เพิ่ม 1 นัด ซึ่งเจาะทะลุศัตรูและสร้าง<color=#f44f06>ความเสียหายเพลิง</color> 100%\\n·<color=#d6b85b><link=\\"9022\\">[แตกสลาย]</link></color>: รับ <color=#f44f06><link=\\"9023\\">[เถ้าเพลิง]</link></color> 2 ชั้นถาวร
Relic.Manual.41088	·<color=#d6b85b>เมื่อพกพา:</color> รับ <color=#f44f06><link=\\"9023\\">[เถ้าเพลิง]</link></color> 8 ชั้น\\n·<color=#d6b85b><link=\\"9022\\">[แตกสลาย]</link></color>: รับ <color=#f44f06><link=\\"9023\\">[เถ้าเพลิง]</link></color> 2 ชั้นถาวร
Relic.Manual.41089	·ความเสียหายธาตุของอาวุธปัจจุบัน +12%\\n·<color=#d6b85b><link=\\"9022\\">[แตกสลาย]</link></color>: รับ <color=#f44f06><link=\\"9023\\">[เถ้าเพลิง]</link></color> 2 ชั้นถาวร
Relic.Manual.41090	·<color=#d6b85b><link=\\"9001\\">ออกเดินทาง:</link></color> รับ <color=#f44f06><link=\\"9023\\">[เถ้าเพลิง]</link></color> 1 ชั้น\\n·<color=#d6b85b><link=\\"9022\\">[แตกสลาย]</link></color>: รับ <color=#f44f06><link=\\"9023\\">[เถ้าเพลิง]</link></color> 3 ชั้นถาวร
Relic.Manual.41091	·<color=#d6b85b>เมื่อสังหาร:</color> ระเบิดศัตรูตัวนั้น สาดเศษใส่ศัตรูที่ใกล้ที่สุด 2 ตัว ทำให้ติดแปรปรวนของอาวุธหลัก\\n·<color=#d6b85b><link=\\"9022\\">[แตกสลาย]</link></color>: รับ <color=#f44f06><link=\\"9023\\">[เถ้าเพลิง]</link></color> 3 ชั้นถาวร
Relic.Manual.41092	·<color=#d6b85b>เมื่อพกพา:</color> รับ <color=#f44f06><link=\\"9023\\">[เถ้าเพลิง]</link></color> 10 ชั้น\\n·<color=#d6b85b>เมื่อมี <color=#f44f06><link=\\"9023\\">[เถ้าเพลิง]</link></color> 30 ชั้น:</color> <color=#05b2ea>ระเบิดไวไฟ</color>จะ<color=#d6b85b><link=\\"9022\\">[แตกสลาย]</link></color>ทันที และได้รับ<color=#bd30e7>ระเบิดเทอร์ไมต์</color>\\n·<color=#d6b85b><link=\\"9022\\">[แตกสลาย]</link></color>：รับ <color=#f44f06><link=\\"9023\\">[เถ้าเพลิง]</link></color> 3 ชั้นถาวร
Relic.Manual.41093	·<color=#d6b85b>เมื่อแยก</color><color=#d6b85b>อาวุธหรือชิ้นส่วนอาวุธ:</color> รับ <color=#f44f06><link=\\"9023\\">[เถ้าเพลิง]</link></color> 3 ชั้นถาวร\\n·<color=#d6b85b><link=\\"9022\\">[แตกสลาย]</link></color>: รับ <color=#f44f06><link=\\"9023\\">[เถ้าเพลิง]</link></color> 3 ชั้นถาวร
Relic.Manual.41094	·<color=#f44f06>ความเสียหายเพลิง</color> +20%\\n·<color=#d6b85b><link=\\"9002\\">ปลายทาง:</link></color> อัตราคริติคอล +2% ถาวร\\n·<color=#d6b85b><link=\\"9022\\">[แตกสลาย]</link></color>: รับ <color=#f44f06><link=\\"9023\\">[เถ้าเพลิง]</link></color> 3 ชั้นถาวร
Relic.Manual.41095	·ลด<color=#a024ff>คูลดาวน์สกิลรบ</color> 1 วินาที\\n·<color=#d6b85b>เมื่อใช้<color=#a024ff>สกิลรบ</color>:</color> ขว้าง<color=#f44f06>ระเบิดฟอสฟอรัสขาว</color>ใส่ศัตรูที่ใกล้ที่สุด สร้าง<color=#f44f06>ความเสียหายสกิลรบเพลิง</color> 100%\\n·<color=#d6b85b><link=\\"9022\\">[แตกสลาย]</link></color>: รับ <color=#f44f06><link=\\"9023\\">[เถ้าเพลิง]</link></color> 3 ชั้นถาวร
Relic.Manual.41096	·<color=#d6b85b><link=\\"9001\\">ออกเดินทาง:</link></color> หลังเข้าสู่การต่อสู้ รับ <color=#f44f06><link=\\"9023\\">[เถ้าเพลิง]</link></color> ชั่วคราว 60 ชั้น แล้วเสีย <color=#f44f06><link=\\"9023\\">[เถ้าเพลิง]</link></color> ชั่วคราว 1 ชั้นต่อวินาทีจนถึง 0 และเสีย <color=#f44f06><link=\\"9023\\">[เถ้าเพลิง]</link></color> ชั่วคราวทั้งหมดหลังจบการต่อสู้\\n·<color=#d6b85b><link=\\"9022\\">[แตกสลาย]</link></color>: รับ <color=#f44f06><link=\\"9023\\">[เถ้าเพลิง]</link></color> 8 ชั้นถาวร
Relic.Manual.41097	·<color=#d6b85b>เมื่อพกพา:</color> รับ <color=#f44f06><link=\\"9023\\">[เถ้าเพลิง]</link></color> 20 ชั้น\\n·ความเสียหาย <color=#f44f06><link=\\"9015\\">[ลุกไหม้]</link></color> +50% หาก <color=#f44f06><link=\\"9015\\">[ลุกไหม้]</link></color> โดนศัตรูเพียงตัวเดียว ความเสียหาย +50% เพิ่มอีก\\n·<color=#d6b85b><link=\\"9022\\">[แตกสลาย]</link></color>: รับ <color=#f44f06><link=\\"9023\\">[เถ้าเพลิง]</link></color> 8 ชั้นถาวร
Relic.Manual.41098	·<color=#d6b85b>เมื่อใช้<color=#a024ff>สกิลรบ</color>: </color>กระสุน 2 นัดถัดไปออกคริติคอลเสมอ และมีโอกาส 40% กระตุ้น <color=#f44f06><link=\\"9015\\">[ลุกไหม้]</link></color> ทันที\\n·<color=#d6b85b><link=\\"9022\\">[แตกสลาย]</link></color>: รับ <color=#f44f06><link=\\"9023\\">[เถ้าเพลิง]</link></color> 8 ชั้นถาวร
Relic.Manual.41099	·<color=#f44f06>ความเสียหายเพลิง</color> +20%\\n·<color=#d6b85b>เมื่อพกพา:</color> รับ <color=#f44f06><link=\\"9023\\">[เถ้าเพลิง]</link></color> 20 ชั้น\\n·<color=#d6b85b><link=\\"9022\\">[แตกสลาย]</link></color>: รับ <color=#f44f06><link=\\"9023\\">[เถ้าเพลิง]</link></color> 8 ชั้นถาวร
Relic.Manual.41100	·<color=#f44f06><link=\\"9015\\">[ลุกไหม้]</link></color> ออกคริติคอลได้ \\nเมื่อ <color=#f44f06><link=\\"9015\\">[ลุกไหม้]</link></color> ออกคริติคอล จะลด<color=#a024ff>คูลดาวน์สกิลรบ</color> 2 วินาที\\n·<color=#d6b85b><link=\\"9022\\">[แตกสลาย]</link></color>: รับ <color=#f44f06><link=\\"9023\\">[เถ้าเพลิง]</link></color> 8 ชั้นถาวร
Relic.Manual.41101	·<color=#d6b85b>เมื่อพกพา:</color> รับ <color=#f44f06><link=\\"9023\\">[เถ้าเพลิง]</link></color> 10 ชั้น โดย <color=#f44f06><link=\\"9023\\">[เถ้าเพลิง]</link></color> แต่ละชั้นเพิ่มอัตราสะสมท่าไม้ตาย 0.2% และ<color=#f44f06>ความเสียหายเพลิง</color> 0.4%\\n·<color=#d6b85b><link=\\"9022\\">[แตกสลาย]</link></color>: รับ <color=#f44f06><link=\\"9023\\">[เถ้าเพลิง]</link></color> 8 ชั้นถาวร
Relic.Manual.41102	·<color=#d6b85b>เมื่อพกพา:</color> รับ <color=#f44f06><link=\\"9023\\">[เถ้าเพลิง]</link></color> 15 ชั้น\\n·<color=#f44f06><link=\\"9023\\">[เถ้าเพลิง]</link></color> ทั้งหมดของคุณกลายเป็น <color=#f44f06>[เพลิงต้องสาป]</color> แต่ละชั้นเพิ่มความเสียหายสุดท้าย 1% และความเสียหายที่ได้รับ 0.1% (<color=#f44f06>เพลิงต้องสาป</color> ยังนับเป็น <color=#f44f06>เถ้าเพลิง</color>)\\n·<color=#d6b85b><link=\\"9022\\">[แตกสลาย]</link></color>: รับ <color=#f44f06><link=\\"9023\\">[เถ้าเพลิง]</link></color> 15 ชั้นถาวร
Relic.Manual.41103	·<color=#d6b85b><link=\\"9001\\">ออกเดินทาง:</link></color> อัตราคริติคอลและความเสียหายคริติคอล +5% ถาวร\\n·<color=#d6b85b>เมื่อรับความเสียหายถึงตาย: </color>ฟื้นพลังชีวิต 50% สังหารศัตรูที่ไม่ใช่บอสทั้งหมดในระยะ 1000 หลาทันที ลดพลังชีวิตสูงสุดของบอส 25% แล้ว<color=#d6b85b>แยกชิ้นส่วน</color>เรลิคนี้อัตโนมัติ\\n·<color=#d6b85b><link=\\"9022\\">[แตกสลาย]</link></color>: รับ <color=#f44f06><link=\\"9023\\">[เถ้าเพลิง]</link></color> 15 ชั้นถาวร
Relic.Manual.41104	·<color=#d6b85b>เมื่อพกพา:</color> รับ <color=#f44f06><link=\\"9023\\">[เถ้าเพลิง]</link></color> 100 ชั้น\\n·ขีดจำกัด <color=#f44f06><link=\\"9023\\">[เถ้าเพลิง]</link></color> +1000\\n·<color=#d6b85b><link=\\"9002\\">ปลายทาง:</link></color> รับ <color=#f44f06><link=\\"9023\\">[เถ้าเพลิง]</link></color> เท่ากับ 5% ของ <color=#f44f06><link=\\"9023\\">[เถ้าเพลิง]</link></color> ที่มีอยู่\\n·<color=#d6b85b><link=\\"9022\\">[แตกสลาย]</link></color>: รับ <color=#f44f06><link=\\"9023\\">[เถ้าเพลิง]</link></color> 30 ชั้นถาวร
Relic.Manual.41105	·<color=#d6b85b>เมื่อพกพา:</color> รับ <color=#f44f06><link=\\"9023\\">[เถ้าเพลิง]</link></color> 15 ชั้น\\n·<color=#f44f06><link=\\"9015\\">[ลุกไหม้]</link></color> ของคุณกลายเป็น <color=#f44f06>[วงเพลิงระเบิด]</color> โดย <color=#f44f06><link=\\"9023\\">[เถ้าเพลิง]</link></color> แต่ละชั้นเพิ่มความเสียหายสุดท้ายของ <color=#f44f06><link=\\"9015\\">[ลุกไหม้]</link></color> 2.5% และระยะความเสียหาย 2.5%\\n·<color=#d6b85b><link=\\"9022\\">[แตกสลาย]</link></color>: รับ <color=#f44f06><link=\\"9023\\">[เถ้าเพลิง]</link></color> 15 ชั้นถาวร
Relic.Manual.41106	·<color=#d6b85b>เมื่อพกพา:</color> รับ <color=#f44f06><link=\\"9023\\">[เถ้าเพลิง]</link></color> 15 ชั้น\\n·<color=#f44f06><link=\\"9015\\">[ลุกไหม้]</link></color> ถูกกระตุ้นเพิ่มอีก 1 ครั้ง\\n·<color=#d6b85b>เมื่อมี <color=#f44f06><link=\\"9023\\">[เถ้าเพลิง]</link></color> 50 ชั้น:</color> <color=#f44f06><link=\\"9015\\">[ลุกไหม้]</link></color> จะทำให้ติด <color=#f44f06>[เกราะหลอมเหลว]</color> เมื่อสร้างความเสียหาย ลดความต้านทานทั้งหมด 20% นาน 1 วินาที\\n·<color=#d6b85b>เมื่อมี <color=#f44f06><link=\\"9023\\">[เถ้าเพลิง]</link></color> 100 ชั้น:</color> <color=#f44f06><link=\\"9015\\">[ลุกไหม้]</link></color> ถูกกระตุ้นเพิ่มอีก 1 ครั้ง และ <color=#f44f06>[เกราะหลอมเหลว]</color> ซ้อนได้สูงสุด 3 ชั้น\\n·<color=#d6b85b><link=\\"9022\\">[แตกสลาย]</link></color>：รับ <color=#f44f06><link=\\"9023\\">[เถ้าเพลิง]</link></color> 15 ชั้นถาวร
Relic.Manual.41107	·<color=#d6b85b>เมื่อพกพา:</color> รับ <color=#3dda4f><link=\\"9024\\">[เติบโต]</link></color> 8 ชั้น\\n·<color=#d6b85b><link=\\"9022\\">[แตกสลาย]</link></color>: รับ <color=#3dda4f><link=\\"9024\\">[เติบโต]</link></color> 2 ชั้นถาวร
Relic.Manual.41108	·เมื่อแยกชิ้นส่วนเรลิคนี้ จะได้รับเรลิคสุ่ม 1 ชิ้น\\n·<color=#d6b85b><link=\\"9022\\">[แตกสลาย]</link></color>：รับ <color=#3dda4f><link=\\"9024\\">[เติบโต]</link></color> 2 ชั้นถาวร
Relic.Manual.41109	·<color=#d6b85b><link=\\"9002\\">ปลายทาง:</link></color> ฟื้นพลังชีวิตที่เสียไป 10%\\n·<color=#d6b85b><link=\\"9022\\">[แตกสลาย]</link></color>: รับ <color=#3dda4f><link=\\"9024\\">[เติบโต]</link></color> 2 ชั้นถาวร
Relic.Manual.41110	·<color=#d6b85b>เมื่อเกิด<link=\\"9033\\">แปรปรวน</link>:</color> สร้าง<color=#3dda4f>ความเสียหายกรด</color> 40% แก่ศัตรูที่อยู่ใกล้\\n·<color=#d6b85b><link=\\"9022\\">[แตกสลาย]</link></color>：รับ <color=#3dda4f><link=\\"9024\\">[เติบโต]</link></color> 2 ชั้นถาวร
Relic.Manual.41111	·<color=#d6b85b>เมื่อแยกชิ้นส่วน</color><color=#d6b85b>เรลิค:</color> รับ <color=#3dda4f><link=\\"9024\\">[เติบโต]</link></color> 1 ชั้นถาวร\\n·<color=#d6b85b><link=\\"9022\\">[แตกสลาย]</link></color>: รับ <color=#3dda4f><link=\\"9024\\">[เติบโต]</link></color> 3 ชั้นถาวร
Relic.Manual.41112	·<color=#d6b85b><link=\\"9001\\">ออกเดินทาง:</link></color> รับ 4 เหรียญ\\n·เมื่อแยกชิ้นส่วนเรลิคนี้ จะได้รับเรลิคสุ่ม 1 ชิ้นตามธาตุของอาวุธหลัก\\n·<color=#d6b85b><link=\\"9022\\">[แตกสลาย]</link></color>：รับ <color=#3dda4f><link=\\"9024\\">[เติบโต]</link></color> 3 ชั้นถาวร
Relic.Manual.41113	·<color=#d6b85b><link=\\"9001\\">ออกเดินทาง:</link></color> รับ <color=#3dda4f><link=\\"9024\\">[เติบโต]</link></color> 1 ชั้นถาวร\\n·<color=#d6b85b><link=\\"9022\\">[แตกสลาย]</link></color>: รับ <color=#3dda4f><link=\\"9024\\">[เติบโต]</link></color> 3 ชั้นถาวร
Relic.Manual.41114	·<color=#d6b85b>เมื่อยิง:</color> <color=#99b7bb><link=\\"9035\\">โอกาสปรับตัว</link></color> 40% ที่จะยิง<color=#3dda4f>ลูกปัดเลือด</color> 5 ลูกที่ตามศัตรูที่ใกล้ที่สุดอัตโนมัติ แต่ละลูกสร้าง<color=#3dda4f>ความเสียหายกรด</color> 60% <color=#3dda4f>ลูกปัดเลือด</color>นับเป็นความเสียหายกระสุนด้วย\\n·<color=#d6b85b><link=\\"9022\\">[แตกสลาย]</link></color>: รับ <color=#3dda4f><link=\\"9024\\">[เติบโต]</link></color> 3 ชั้นถาวร
Relic.Manual.41115	·พลังโจมตีกระสุน +100% และทุก 1% ของพลังชีวิตที่เสียไป เอฟเฟกต์นี้ -1%\\n·<color=#d6b85b><link=\\"9022\\">[แตกสลาย]</link></color>: รับ <color=#3dda4f><link=\\"9024\\">[เติบโต]</link></color> 3 ชั้นถาวร
Relic.Manual.41116	·<color=#3dda4f>ความเสียหายกรด</color> +20%\\n·เมล็ดของ<color=#d77d3a>[ดอกไม้แห่งชีวิต]</color> เมื่อมี <color=#3dda4f><link=\\"9024\\">[เติบโต]</link></color> 80 ชั้น <color=#05b2ea>[เมล็ดแห่งชีวิต]</color> จะเติบโตเป็น <color=#d77d3a>[ดอกไม้แห่งชีวิต]</color>\\n·<color=#d6b85b><link=\\"9022\\">[แตกสลาย]</link></color>: รับ <color=#3dda4f><link=\\"9024\\">[เติบโต]</link></color> 3 ชั้นถาวร
Relic.Manual.41117	·<color=#d6b85b>เมื่อแยกชิ้นส่วน</color><color=#d6b85b>เรลิค:</color> <color=#3dda4f>ความเสียหายกรด</color> +1% ถาวร เอฟเฟกต์นี้คูณสามหากเป็น<color=#3dda4f>เรลิคกรด</color>\\n·<color=#d6b85b>เมื่อใช้ท่าไม้ตาย:</color> เรียก<color=#3dda4f>เถาวัลย์</color>มารัดศัตรู <color=#d6b85b>ตรึงอยู่กับที่</color>นาน 2 วินาที และสร้าง<color=#3dda4f>ความเสียหายกรด</color> 200%\\n·<color=#d6b85b><link=\\"9022\\">[แตกสลาย]</link></color>: รับ <color=#3dda4f><link=\\"9024\\">[เติบโต]</link></color> 8 ชั้นถาวร
Relic.Manual.41118	·<color=#d6b85b>เมื่อพกพา:</color> รับ <color=#3dda4f><link=\\"9024\\">[เติบโต]</link></color> 10 ชั้น\\n·<color=#3dda4f><link=\\"9024\\">[เติบโต]</link></color> แต่ละชั้นให้<color=#3dda4f>ความเสียหายกรด</color> 0.3% เอฟเฟกต์นี้คูณสองเมื่อพลังชีวิตเต็ม\\n·<color=#d6b85b><link=\\"9022\\">[แตกสลาย]</link></color>: รับ <color=#3dda4f><link=\\"9024\\">[เติบโต]</link></color> 8 ชั้นถาวร
Relic.Manual.41119	·<color=#d6b85b>เมื่อพลังชีวิตเต็ม:</color> +2 ลูกกระสุน\\n·หากพลังชีวิตปัจจุบันเกิน 100 จะนับว่าพลังชีวิตเต็ม\\n·<color=#d6b85b><link=\\"9022\\">[แตกสลาย]</link></color>: รับ <color=#3dda4f><link=\\"9024\\">[เติบโต]</link></color> 8 ชั้นถาวร
Relic.Manual.41120	·<color=#d6b85b>เมื่อศัตรูที่ติด</color> <color=#3dda4f><link=\\"9014\\">[กัดกร่อน]</link></color><color=#d6b85b> ตาย: </color>สร้าง<color=#3dda4f>ระเบิดกรด</color>ที่สร้าง<color=#3dda4f>ความเสียหายกรด</color> 50% แก่ศัตรูที่อยู่ใกล้และกระตุ้น <color=#3dda4f><link=\\"9014\\">[กัดกร่อน]</link></color>\\n·<color=#3dda4f><link=\\"9024\\">[เติบโต]</link></color> แต่ละชั้นเพิ่มความเสียหายนี้ 3%\\n·<color=#d6b85b><link=\\"9022\\">[แตกสลาย]</link></color>: รับ <color=#3dda4f><link=\\"9024\\">[เติบโต]</link></color> 8 ชั้นถาวร
Relic.Manual.41121	·<color=#3dda4f><link=\\"9014\\">[กัดกร่อน]</link></color> ซ้อนได้เพิ่มอีก 1 ชั้น\\n·<color=#3dda4f><link=\\"9024\\">[เติบโต]</link></color> ทุก 30 ชั้นเพิ่มจำนวนชั้นที่ซ้อนได้ของ <color=#3dda4f><link=\\"9014\\">[กัดกร่อน]</link></color> อีก 1\\n·<color=#d6b85b><link=\\"9022\\">[แตกสลาย]</link></color>: รับ <color=#3dda4f><link=\\"9024\\">[เติบโต]</link></color> 8 ชั้นถาวร
Relic.Manual.41122	·<color=#3dda4f>ความเสียหายกรด</color>+30%\\n·<color=#d6b85b><link=\\"9002\\">ปลายทาง:</link></color> ฟื้นค่าท่าไม้ตาย 20% <color=#3dda4f><link=\\"9024\\">[เติบโต]</link></color> ทุก 1 ชั้นฟื้นเพิ่มอีก 0.2%\\n·<color=#d6b85b><link=\\"9022\\">[แตกสลาย]</link></color>: รับ <color=#3dda4f><link=\\"9024\\">[เติบโต]</link></color> 8 ชั้นถาวร
Relic.Manual.41123	·<color=#d6b85b>เมื่อพกพา:</color> รับ <color=#3dda4f><link=\\"9024\\">[เติบโต]</link></color> 100 ชั้น\\n·ขีดจำกัด <color=#3dda4f><link=\\"9024\\">[เติบโต]</link></color> +1000\\n·<color=#d6b85b><link=\\"9002\\">ปลายทาง:</link></color> รับ <color=#3dda4f><link=\\"9024\\">[เติบโต]</link></color> เท่ากับ 5% ของ <color=#3dda4f><link=\\"9024\\">[เติบโต]</link></color> ที่มีอยู่\\n·<color=#d6b85b><link=\\"9022\\">[แตกสลาย]</link></color>: รับ <color=#3dda4f><link=\\"9024\\">[เติบโต]</link></color> 30 ชั้นถาวร
Relic.Manual.41124	·<color=#d6b85b>เมื่อพกพา:</color> รับ <color=#3dda4f><link=\\"9024\\">[เติบโต]</link></color> 20 ชั้น\\n·<color=#d6b85b>การแยกชิ้นส่วน</color>เรลิคอื่นมีโอกาส 15% ที่จะได้เรลิคนั้นคืน\\n·<color=#3dda4f><link=\\"9024\\">[เติบโต]</link></color> ทุก 10 ชั้นเพิ่มโอกาสนี้ 1% สูงสุด 10%\\n·<color=#d6b85b><link=\\"9022\\">[แตกสลาย]</link></color>: รับ <color=#3dda4f><link=\\"9024\\">[เติบโต]</link></color> 15 ชั้นถาวร
Relic.Manual.41125	·<color=#d6b85b>เมื่อพกพา:</color> รับ <color=#3dda4f><link=\\"9024\\">[เติบโต]</link></color> 15 ชั้น\\n·<color=#d6b85b>เมื่อเกิด<link=\\"9033\\">แปรปรวน</link>:</color> สร้าง<color=#3dda4f>ความเสียหายกรด</color>เพิ่มแก่เป้าหมายเท่ากับจำนวนชั้น <color=#3dda4f><link=\\"9024\\">[เติบโต]</link></color> * 2% ของความเสียหายอาวุธ\\n·<color=#d6b85b><link=\\"9022\\">[แตกสลาย]</link></color>: รับ <color=#3dda4f><link=\\"9024\\">[เติบโต]</link></color> 15 ชั้นถาวร
Relic.Manual.41126	·<color=#3dda4f><link=\\"9014\\">[กัดกร่อน]</link></color> จะทำให้ศัตรู<color=#3dda4f>ติดพิษ</color> สร้าง<color=#3dda4f>ความเสียหายกรด</color> 30% ต่อวินาที\\n·<color=#3dda4f><link=\\"9024\\">[เติบโต]</link></color> แต่ละชั้นเพิ่มความเสียหายสุดท้ายของ<color=#3dda4f>ติดพิษ</color> 2%\\n·<color=#d6b85b><link=\\"9022\\">[แตกสลาย]</link></color>: รับ <color=#3dda4f><link=\\"9024\\">[เติบโต]</link></color> 15 ชั้นถาวร
Relic.Manual.41127	·<color=#d6b85b>เมื่อทำให้ศัตรูที่ติด </color><color=#3dda4f><link=\\"9014\\">[กัดกร่อน]</link></color><color=#d6b85b> ติด </color><color=#3dda4f><link=\\"9014\\">[กัดกร่อน]</link></color><color=#d6b85b> ซ้ำ:</color> สร้าง<color=#3dda4f>ความเสียหายกรด</color>เพิ่ม 100%\\n·<color=#d6b85b>เมื่อใช้ท่าไม้ตาย:</color> เรียก<color=#3dda4f>ฝนกรด</color>ลงทั่วด่านนาน 3 วินาที ทำให้ศัตรูทุกตัวติด <color=#3dda4f><link=\\"9014\\">[กัดกร่อน]</link></color> ทุกวินาที\\n·<color=#d6b85b><link=\\"9022\\">[แตกสลาย]</link></color>: รับ <color=#3dda4f><link=\\"9024\\">[เติบโต]</link></color> 15 ชั้นถาวร
Relic.Manual.41128	·<color=#3dda4f><link=\\"9024\\">[เติบโต]</link></color> ทั้งหมดของคุณกลายเป็น <color=#3dda4f>[เบ่งบาน]</color> แต่ละชั้นเพิ่มพลังโจมตีกระสุน 1% เอฟเฟกต์ของเรลิคชื่อเดียวกันไม่สะสมกัน (นี่คือพาสซีฟเฉพาะ และ <color=#3dda4f>เบ่งบาน</color> ยังนับเป็น <color=#3dda4f>เติบโต</color>)\\n·<color=#d6b85b>เมื่อใช้ท่าไม้ตาย:</color> เรียก<color=#3dda4f>ดอกไม้แห่งชีวิต</color>มาช่วยรบนาน 10 วินาที <color=#3dda4f>ดอกไม้แห่งชีวิต</color>ยิงหนามเจาะทะลุ 1 ครั้งต่อวินาที สร้างความเสียหายเท่ากับจำนวนชั้น <color=#3dda4f>[เบ่งบาน]</color> * 1% ของ<color=#3dda4f>ความเสียหายกรด</color>ของอาวุธ ความเสียหายจาก<color=#3dda4f>ดอกไม้แห่งชีวิต</color>นับเป็นความเสียหายกระสุนด้วย
Relic.Manual.41129	·ความเร็วเคลื่อนที่และระยะหลบ +15%
Relic.Manual.41130	·ความเสียหายแปรปรวน +30%
Relic.Manual.41131	·พลังโจมตีกระสุน +30%
Relic.Manual.41132	·เรลิคที่ไม่ใช่ระดับตำนานแต่ละชิ้นที่มีเพิ่ม<color=#a024ff>ความเสียหายสกิลรบ</color> 8%
Relic.Manual.41133	·<color=#a024ff>ความเสียหายสกิลรบ</color> +60%
Relic.Manual.41134	·<color=#d6b85b>หลังใช้<color=#a024ff>สกิลรบ</color>:</color> ยิง<color=#d6b85b>กระสุนฟอสฟอรัส</color>ใส่ศัตรูที่ใกล้ที่สุด สร้าง<color=#a024ff>ความเสียหายสกิลรบ</color>ธาตุของอาวุธหลัก 80% ทุก 1 วินาทีของคูลดาวน์<color=#a024ff>สกิลรบ</color>ที่เหลืออยู่ ความเสียหาย<color=#d6b85b>กระสุนฟอสฟอรัส</color>จะคูณสอง
Relic.Manual.41135	·<color=#d6b85b>หลังใช้<color=#a024ff>สกิลรบ</color>:</color> นัดถัดไปจะยิง<color=#d6b85b>ลูกศรแสง</color>เพิ่ม สร้าง<color=#a024ff>ความเสียหายสกิลรบ</color>ธาตุของอาวุธหลัก 200%
Relic.Manual.41136	·<color=#d6b85b>เมื่อศัตรูตาย:</color> ลด<color=#a024ff>คูลดาวน์สกิลรบ</color> 1 วินาทีทันที
Relic.Manual.41137	·+2 ลูกกระสุน
Relic.Manual.41138	·<color=#d6b85b><link=\\"9001\\">ออกเดินทาง:</link></color> <color=#a024ff>ความเสียหายสกิลรบ</color> +3% ถาวร\\n·<color=#d6b85b><link=\\"9002\\">ปลายทาง:</link></color> <color=#a024ff>ความเสียหายสกิลรบ</color> +3% ถาวร
Relic.Manual.41139	·<color=#d6b85b>เมื่อยิง:</color> อาบกระสุนด้วย<color=#d6b85b>แสงดาวปริซึม</color>เพื่อปะทะศัตรู สร้าง<color=#fff8cb>ความเสียหายจริง</color>เพิ่มเท่ากับ 45% ของพลังโจมตีกระสุน ความเสียหายนี้นับเป็น<color=#a024ff>ความเสียหายสกิลรบ</color>ด้วย
Relic.Manual.41140	·<color=#d6b85b>เมื่อใช้ท่าไม้ตาย:</color> เรียก<color=#d6b85b>ปริซึมไร้สี</color>มาติดตามคุณ ซึ่งจะยิงเลเซอร์ใส่ศัตรูที่ใกล้ที่สุด 1 ครั้งต่อวินาที สร้าง<color=#fff8cb>ความเสียหายจริง</color> 50% โดยได้รับผลจากโบนัส<color=#a024ff>ความเสียหายสกิลรบ</color>และโบนัสลูกกระสุน ปริซึมไร้สีอยู่ได้ 6 วินาทีและมีได้ครั้งละ 1 อันเท่านั้น
Relic.Manual.41141	·<color=#a024ff>ความเสียหายสกิลรบ</color> +40%\\n·<color=#d6b85b>เมื่อใช้<color=#a024ff>สกิลรบ</color>:</color> ยิง<color=#d6b85b>กระสุนสังหาร</color>แบบเจาะทะลุ สร้างความเสียหายเท่ากับ 400% ของความเสียหายอาวุธปัจจุบันในรูปความเสียหายธาตุ <color=#d6b85b>กระสุนสังหาร</color>นับเป็น<color=#a024ff>ความเสียหายสกิลรบ</color>และความเสียหายกระสุนด้วย
Relic.Manual.41142	·ความเสียหายอาวุธเบา +40%\\n·อัตราคริติคอลอาวุธเบา +10%
Relic.Manual.41143	·อัตรายิง +30%\\n·<color=#d6b85b>เมื่อยิง:</color> <color=#99b7bb><link=\\"9035\\">โอกาสปรับตัว</link></color> 33% ที่จะลด<color=#a024ff>คูลดาวน์สกิลรบ</color> 1 วินาทีทันที
Relic.Manual.41144	·<color=#d6b85b>เมื่อยิง:</color> <color=#99b7bb><link=\\"9035\\">โอกาสปรับตัว</link></color> 25% ที่จะเติมกระสุน 1 นัดและเพิ่มความเสียหายของนัดถัดไป 450%
Relic.Manual.41145	·<color=#d6b85b><link=\\"9001\\">ออกเดินทาง</link> เมื่อสังหาร:</color> พลังโจมตีของนัดถัดไป +250%
Relic.Manual.41146	·พลังโจมตีกระสุน +60%\\n·อัตรายิง +25%\\n·ความเร็วรีโหลด +25%\\n·โบนัสข้างต้นถูกปิดนาน 5 วินาทีหลังคุณได้รับความเสียหาย
Relic.Manual.41147	·<color=#a024ff>ความเสียหายสกิลรบ</color> +50%\\n·สกิลรบออกคริติคอลเสมอต่อศัตรูที่พลังชีวิตต่ำกว่า 50%
Relic.Manual.41148	·<color=#a024ff>ความเสียหายสกิลรบ</color> +300%\\n·<color=#a024ff>คูลดาวน์สกิลรบ</color> +100%\\n·<color=#d6b85b>เมื่อยิง:</color> ยิง<color=#d6b85b>ระเบิดเวท</color> สร้าง<color=#a024ff>ความเสียหายสกิลรบ</color>ธาตุของอาวุธหลักแบบวงกว้าง 100% (ทำงานได้สูงสุด 1 ครั้งทุก 4 วินาที)
Relic.Manual.41149	·<color=#a024ff>ความเสียหายสกิลรบ</color> +100%\\n·<color=#d6b85b>เมื่อใช้<color=#a024ff>สกิลรบ</color>: </color>มีโอกาส 33% รีเซ็ตคูลดาวน์
Relic.Manual.41150	·<color=#a024ff>ความเสียหายสกิลรบ</color> +100%\\n·10% ของ<color=#a024ff>ความเสียหายสกิลรบ</color>แปลงเป็นความเสียหายสุดท้าย
Relic.Manual.41151	·<color=#d6b85b>เมื่อแยกชิ้นส่วน:</color> รับเหรียญเท่ากับจำนวนเหรียญที่มีอยู่
Relic.Manual.41152	·<color=#d6b85b>เมื่อยิง:</color> <color=#99b7bb><link=\\"9035\\">โอกาสปรับตัว</link></color> 80% ที่จะยิง<color=#d6b85b>คลื่นเวทมนตร์</color>ที่เจาะทะลุศัตรูทุกตัวตลอดแนวและสร้าง<color=#a024ff>ความเสียหายสกิลรบ</color>ธาตุของอาวุธหลัก 120%
Relic.Manual.41153	·<color=#d6b85b>เมื่อเริ่มการต่อสู้:</color> การใช้<color=#a024ff>สกิลรบ</color>แต่ละครั้งเพิ่ม<color=#a024ff>ความเสียหายสกิลรบ</color> 15% ซ้อนได้สูงสุด 5 ชั้น หายไปเมื่อจบการต่อสู้\\n·<color=#d6b85b>เมื่อซ้อนเต็ม:</color> การใช้<color=#a024ff>สกิลรบ</color> 2 ครั้งถัดไปไม่เข้าคูลดาวน์
Relic.Manual.41154	·<color=#d6b85b>เมื่อเริ่มการต่อสู้:</color> การยิงมี<color=#99b7bb><link=\\"9035\\">โอกาสปรับตัว</link></color> 80% ที่จะเพิ่มพลังโจมตีกระสุน 15% ซ้อนได้สูงสุด 5 ชั้น หายไปหลังการต่อสู้\\n·<color=#d6b85b>เมื่อซ้อนเต็ม:</color> อาวุธไม่กระจายอีกต่อไป
Relic.Manual.41155	·ทุก 5 วินาที นัดถัดไปจะทำเครื่องหมายศัตรู เพิ่มความเสียหายกระสุนที่ทำต่อศัตรูตัวนั้น 90% นาน 5 วินาที
Relic.Manual.41157	·<color=#d6b85b>เมื่อสร้างความเสียหาย:</color> มีโอกาส 5% ทำให้ติด <color=#3dda4f><link=\\"9014\\">[กัดกร่อน]</link></color>, <color=#f7e301><link=\\"9013\\">[ปั่นป่วน]</link></color>, <color=#11f7ef><link=\\"9012\\">[แช่แข็ง]</link></color>, <color=#f44f06><link=\\"9015\\">[ลุกไหม้]</link></color> และ <color=#e92f2f><link=\\"9011\\">[เลือดออก]</link></color> ตามลำดับ\\n·เมื่อมีทั้ง <color=#d77d3a>[คริสตัลห้าสี]</color> และ <color=#d77d3a>[แหวนห้าสี]</color> ทั้งสองจะรวมเป็น <color=#ff4b9a>[แหวนห้าสีสูงสุด]</color>
Relic.Manual.41158	·ความเสียหายแปรปรวน +150%\\n·<color=#d6b85b>เมื่อเกิด <color=#e92f2f><link=\\"9011\\">[เลือดออก]</link></color>:</color> มีโอกาส 10% กระตุ้น <color=#11f7ef><link=\\"9012\\">[แช่แข็ง]</link></color>\\n·<color=#d6b85b>เมื่อเกิด <color=#11f7ef><link=\\"9012\\">[แช่แข็ง]</link></color>:</color> มีโอกาส 10% กระตุ้น <color=#f44f06><link=\\"9015\\">[ลุกไหม้]</link></color>\\n·<color=#d6b85b>เมื่อเกิด <color=#f44f06><link=\\"9015\\">[ลุกไหม้]</link></color>:</color> มีโอกาส 10% กระตุ้น <color=#3dda4f><link=\\"9014\\">[กัดกร่อน]</link></color>\\n·<color=#d6b85b>เมื่อเกิด <color=#3dda4f><link=\\"9014\\">[กัดกร่อน]</link></color>:</color> มีโอกาส 10% กระตุ้น <color=#f7e301><link=\\"9013\\">[ปั่นป่วน]</link></color>\\n·<color=#d6b85b>เมื่อเกิด <color=#f7e301><link=\\"9013\\">[ปั่นป่วน]</link></color>:</color> มีโอกาส 10% กระตุ้น <color=#e92f2f><link=\\"9011\\">[เลือดออก]</link></color>\\n·เมื่อมีทั้ง <color=#d77d3a>[คริสตัลห้าสี]</color> และ <color=#d77d3a>[แหวนห้าสี]</color> ทั้งสองจะรวมเป็น <color=#ff4b9a>[แหวนห้าสีสูงสุด]</color>
Relic.Manual.41159	·ความเสียหายแปรปรวน +150%\\n·<color=#d6b85b>เมื่อสร้างความเสียหาย:</color> มีโอกาส 5% ทำให้ติด <color=#3dda4f><link=\\"9014\\">[กัดกร่อน]</link></color>, <color=#f7e301><link=\\"9013\\">[ปั่นป่วน]</link></color>, <color=#11f7ef><link=\\"9012\\">[แช่แข็ง]</link></color>, <color=#f44f06><link=\\"9015\\">[ลุกไหม้]</link></color> และ <color=#e92f2f><link=\\"9011\\">[เลือดออก]</link></color> ตามลำดับ\\n·<color=#d6b85b>เมื่อเกิด <color=#e92f2f><link=\\"9011\\">[เลือดออก]</link></color>:</color> มีโอกาส 10% กระตุ้น <color=#11f7ef><link=\\"9012\\">[แช่แข็ง]</link></color>\\n·<color=#d6b85b>เมื่อเกิด <color=#11f7ef><link=\\"9012\\">[แช่แข็ง]</link></color>:</color> มีโอกาส 10% กระตุ้น <color=#f44f06><link=\\"9015\\">[ลุกไหม้]</link></color>\\n·<color=#d6b85b>เมื่อเกิด <color=#f44f06><link=\\"9015\\">[ลุกไหม้]</link></color>:</color> มีโอกาส 10% กระตุ้น <color=#3dda4f><link=\\"9014\\">[กัดกร่อน]</link></color>\\n·<color=#d6b85b>เมื่อเกิด <color=#3dda4f><link=\\"9014\\">[กัดกร่อน]</link></color>:</color> มีโอกาส 10% กระตุ้น <color=#f7e301><link=\\"9013\\">[ปั่นป่วน]</link></color>\\n·<color=#d6b85b>เมื่อเกิด <color=#f7e301><link=\\"9013\\">[ปั่นป่วน]</link></color>:</color> มีโอกาส 10% กระตุ้น <color=#e92f2f><link=\\"9011\\">[เลือดออก]</link></color>\\n·<color=#d6b85b>เมื่อเกิดแปรปรวน:</color> สร้าง<color=#fff8cb>ความเสียหายจริง</color> 150% แก่เป้าหมาย
Relic.Manual.41160	·<color=#d6b85b>เมื่อยิง:</color> <color=#99b7bb><link=\\"9035\\">โอกาสปรับตัว</link></color> 80% ที่จะยิงใบเลื่อย 1 ใบ สร้าง<color=#e92f2f>ความเสียหายกายภาพ</color> 100% และ<color=#e92f2f>ค่าสะสมเลือดออก</color> 50
Relic.Manual.41161	·<color=#d6b85b>เมื่อเกิด <color=#11f7ef><link=\\"9012\\">[แช่แข็ง]</link></color>:</color> ทำให้เป้าหมายติด<link=\\"9033\\">แปรปรวน</link>แบบสุ่มอีก 1 อย่าง
Relic.Manual.41162	·<color=#d6b85b>เมื่อเกิด<link=\\"9033\\">แปรปรวน</link>:</color> เรียก<color=#f7e301>สายฟ้าทัณฑ์สวรรค์ห้าสี</color>ลงใส่เป้าหมาย สร้าง<color=#f7e301>ความเสียหายสายฟ้า</color>เท่ากับ 80% ของความเสียหายอาวุธ\\n·ทุก<link=\\"9033\\">แปรปรวน</link>ที่ต่างชนิดกันบนเป้าหมาย ความเสียหาย +100%
Relic.Manual.41163	·<color=#d6b85b><link=\\"9032\\">[นัดสุดท้าย]:</link></color> <color=#99b7bb><link=\\"9035\\">โอกาสปรับตัว</link></color> 8% ที่จะกระตุ้น<color=#f44f06>โนวาเพลิง</color>เพิ่ม ทำให้ศัตรูทุกตัวในระยะติด <color=#f44f06><link=\\"9015\\">[ลุกไหม้]</link></color>\\n·<color=#d6b85b>[แตกสลาย]:</color> รับ <color=#f44f06><link=\\"9023\\">[เถ้าเพลิง]</link></color> 8 ชั้นถาวร
Relic.Manual.41164	·<color=#d6b85b>เมื่อสร้างความเสียหาย:</color> ปล่อย<color=#3dda4f>ระเบิดพิษ</color>ที่ตำแหน่งศัตรู ทำให้ศัตรูทุกตัวในระยะ 600 หลาติด <color=#3dda4f><link=\\"9014\\">[กัดกร่อน]</link></color> (ทำงานได้สูงสุด 1 ครั้งทุก 5 วินาที)\\n·<color=#d6b85b>แตกสลาย:</color> รับ <color=#3dda4f><link=\\"9024\\">[เติบโต]</link></color> 8 ชั้นถาวร
Relic.Manual.41165	·<color=#e92f2f>ความเสียหายกายภาพ</color> +20%\\n·พลังโจมตีกระสุนสูงสุด +35%\\n อัตรา<link=\\"9034\\">ทุบหนัก</link> +20%
Relic.Manual.41166	·<color=#d6b85b><link=\\"9002\\">ปลายทาง:</link></color> รับ <color=#11f7ef><link=\\"9025\\">[เกราะ]</link></color> 1\\n·<color=#d6b85b>เมื่อมี <color=#11f7ef><link=\\"9025\\">[เกราะ]</link></color>: </color><color=#11f7ef>ความเสียหายเยือกแข็ง</color> +20%
Relic.Manual.41167	·<color=#f7e301>ความเสียหายสายฟ้า</color> +20%\\n·<color=#d6b85b>เมื่อกระสุนสร้างความเสียหาย:</color> เพิ่ม<color=#f7e301>ความเสียหายสายฟ้า</color> 10
Relic.Manual.41168	·<color=#d6b85b>เมื่อพกพา:</color> รับ <color=#f44f06><link=\\"9023\\">[เถ้าเพลิง]</link></color> 10 ชั้น\\n·<color=#f44f06><link=\\"9023\\">[เถ้าเพลิง]</link></color> แต่ละชั้นเพิ่ม<color=#f44f06>ความเสียหายเพลิง</color> 1% สูงสุด 20%\\n·<color=#d6b85b><link=\\"9022\\">[แตกสลาย]</link></color>: รับ <color=#f44f06><link=\\"9023\\">[เถ้าเพลิง]</link></color> 3 ชั้นถาวร
Relic.Manual.41169	·<color=#d6b85b>เมื่อพกพา:</color> รับ <color=#3dda4f><link=\\"9024\\">[เติบโต]</link></color> 10 ชั้น\\n·<color=#3dda4f><link=\\"9024\\">[เติบโต]</link></color> แต่ละชั้นเพิ่ม<color=#3dda4f>ความเสียหายกรด</color> 1% สูงสุด 20%\\n·<color=#d6b85b><link=\\"9022\\">[แตกสลาย]</link></color>: รับ <color=#3dda4f><link=\\"9024\\">[เติบโต]</link></color> 3 ชั้นถาวร
Relic.Manual.41170	·<color=#e92f2f>ความเสียหายกายภาพ</color> +50%\\n·โบนัส<color=#e92f2f>ความเสียหายกายภาพ</color>ของคุณมีผลกับ<color=#a024ff>ความเสียหายสกิลรบ</color>เท่ากันด้วย (พาสซีฟเฉพาะ)
Relic.Manual.41171	·<color=#d6b85b><link=\\"9002\\">ปลายทาง:</link></color> รับ <color=#11f7ef><link=\\"9025\\">[เกราะ]</link></color> 3\\n·<color=#d6b85b>เมื่อมี <color=#11f7ef><link=\\"9025\\">[เกราะ]</link></color> 15 ชั้น:</color> <color=#11f7ef>ความเสียหายเยือกแข็ง</color> +60%
Relic.Manual.41172	·<color=#f7e301>ความเสียหายสายฟ้า</color> +30%\\n·ทุก 2 วินาที เข้าสู่สถานะ <color=#f7e301><link=\\"9021\\">[โอเวอร์โหลด]</link></color> นาน 1 วินาที\\n·<color=#f7e301><link=\\"9021\\">[โอเวอร์โหลด]</link></color>: <color=#f7e301>ความเสียหายสายฟ้า</color> +30%
Relic.Manual.41173	·<color=#f44f06>ความเสียหายเพลิง</color> +50% \\n·โบนัส<color=#f44f06>ความเสียหายเพลิง</color>ของคุณมีผลกับความเสียหาย<link=\\"9033\\">แปรปรวน</link>เท่ากันด้วย (พาสซีฟเฉพาะ)\\n·<color=#d6b85b><link=\\"9022\\">[แตกสลาย]</link></color>: รับ <color=#f44f06><link=\\"9023\\">[เถ้าเพลิง]</link></color> 15 ชั้นถาวร
Relic.Manual.41174	·<color=#3dda4f>ความเสียหายกรด</color> +50%\\n·โบนัส<color=#3dda4f>ความเสียหายกรด</color>ของคุณมีผลกับพลังโจมตีกระสุนเท่ากันด้วย (พาสซีฟเฉพาะ)\\n·<color=#d6b85b><link=\\"9022\\">[แตกสลาย]</link></color>: รับ<color=#3dda4f><link=\\"9024\\"> [เติบโต]</link></color> 15 ชั้นถาวร
Relic.Manual.41176	·<color=#d6b85b>เมื่อเกิด</color><color=#f44f06><link=\\"9015\\">[ลุกไหม้]</link></color><color=#d6b85b>:</color> กระตุ้น <color=#f7e301><link=\\"9013\\">[ปั่นป่วน]</link></color> 1 ครั้ง (พาสซีฟเฉพาะ)\\n·<color=#f7e301>เรโซแนนซ์สายฟ้า:</color> ทุก<color=#f7e301>เรลิคสายฟ้า</color>ที่มี <color=#f7e301><link=\\"9013\\">[ปั่นป่วน]</link></color> ถูกกระตุ้นเพิ่มอีก 1 ครั้ง\\n·<color=#d6b85b><link=\\"9022\\">[แตกสลาย]</link></color>: รับ <color=#f44f06><link=\\"9023\\">[เถ้าเพลิง]</link></color> 8 ชั้นถาวร
Relic.Manual.41177	·<color=#d6b85b>เมื่อยิง:</color> เพิ่ม<color=#11f7ef>ความเสียหายเยือกแข็ง</color>เท่ากับ 25% ของความเสียหายที่ทำได้ และ<color=#f44f06>ความเสียหายเพลิง</color>เท่ากับ 25% ของความเสียหายที่ทำได้\\n·<color=#d6b85b><link=\\"9022\\">[แตกสลาย]</link></color>: รับ <color=#f44f06><link=\\"9023\\">[เถ้าเพลิง]</link></color> 8 ชั้นถาวร
Relic.Manual.41178	·ทุบหนักและคริติคอลทำลายเกราะ ลดความต้านทานทั้งหมดของศัตรู 2% ซ้อนได้สูงสุด 5 ชั้น\\n·<color=#11f7ef>เรโซแนนซ์เยือกแข็ง:</color> ทุก<color=#11f7ef>เรลิคเยือกแข็ง</color>ที่มี ลดความต้านทานเพิ่มอีก 2%
Relic.Manual.41179	·<color=#3dda4f><link=\\"9024\\">[เติบโต]</link></color> แต่ละชั้นเพิ่มพลังโจมตีกระสุนสูงสุด 0.1%\\n·<color=#e92f2f>เรโซแนนซ์กายภาพ:</color> ทุก<color=#e92f2f>เรลิคกายภาพ</color>ที่มี เพิ่มเพดานอีก 0.1%\\n·<color=#d6b85b><link=\\"9022\\">[แตกสลาย]</link></color>: รับ <color=#3dda4f><link=\\"9024\\">[เติบโต]</link></color> 8 ชั้นถาวร
Relic.Manual.41180	·หากศัตรูติดทั้ง <color=#f7e301><link=\\"9013\\">[ปั่นป่วน]</link></color> และ <color=#3dda4f><link=\\"9014\\">[กัดกร่อน]</link></color> คุณจะปล่อยการสลายใส่มันทุก 0.5 วินาที สร้าง<color=#3dda4f>ความเสียหายกรด</color> 200% และ<color=#f7e301>ความเสียหายสายฟ้า</color> 200% การสลายนับเป็นความเสียหายแปรปรวน\\n·<color=#d6b85b><link=\\"9022\\">[แตกสลาย]</link></color>: รับ <color=#3dda4f><link=\\"9024\\">[เติบโต]</link></color> 8 ชั้นถาวร
Relic.Manual.41181	·<color=#11f7ef><link=\\"9025\\">[เกราะ]</link></color> ทุก 1 ชั้นเพิ่ม<color=#3dda4f>ความเสียหายกรด</color> 0.1%\\n·<color=#11f7ef>เรโซแนนซ์เยือกแข็ง:</color> ทุก<color=#11f7ef>เรลิคเยือกแข็ง</color>ที่มี เพิ่มความเสียหายอีก 0.1%\\n·<color=#d6b85b><link=\\"9022\\">[แตกสลาย]</link></color>: รับ <color=#3dda4f><link=\\"9024\\">[เติบโต]</link></color> 8 ชั้นถาวร
Relic.Manual.41182	·<color=#d6b85b>เมื่อการยิงของคุณสร้างความเสียหาย:</color> หากกระสุนออกทั้งทุบหนักและคริติคอล ความเสียหายที่ทำได้ +30%\\n·<color=#f44f06>เรโซแนนซ์เพลิง:</color> ทุก<color=#f44f06>เรลิคเพลิง</color>ที่มี เพิ่มความเสียหายอีก 30%\\n·<color=#d6b85b><link=\\"9022\\">[แตกสลาย]</link></color>: รับ <color=#f44f06><link=\\"9023\\">[เถ้าเพลิง]</link></color> 8 ชั้นถาวร
Relic.Manual.41183	·อัตรายิง +30%\\n·หากอัตรายิงของคุณเกิน 180% กระสุนจะสร้าง<color=#e92f2f>ความเสียหายกายภาพ</color>เพิ่มเท่ากับ 30% ของพลังโจมตีกระสุน\\n·<color=#f7e301>เรโซแนนซ์สายฟ้า:</color> ทุก<color=#f7e301>เรลิคสายฟ้า</color>ที่มี สร้าง<color=#e92f2f>ความเสียหายกายภาพ</color>เพิ่มเท่ากับ 30% ของพลังโจมตีกระสุน
Relic.Manual.41184	·<color=#d6b85b>เมื่อใช้<color=#a024ff>สกิลรบ</color>: </color>ขว้าง<color=#d6b85b>ขวดกรดเพลิง</color> สร้างความเสียหาย<color=#f44f06>เพลิง</color>จาก<color=#a024ff>สกิลรบ</color> 50% และความเสียหาย<color=#3dda4f>กรด</color>จาก<color=#a024ff>สกิลรบ</color> 50% ต่อวินาที นาน 5 วินาที\\n·ทุกชั้นของ <color=#f44f06><link=\\"9023\\">[เถ้าเพลิง]</link></color> หรือ <color=#3dda4f><link=\\"9024\\">[เติบโต]</link></color> ที่มี เพิ่มความเสียหาย<color=#d6b85b>ขวดกรดเพลิง</color>อีก 0.5%\\n·<color=#d6b85b><link=\\"9022\\">[แตกสลาย]</link></color>: รับ <color=#f44f06><link=\\"9023\\">[เถ้าเพลิง]</link></color> และ <color=#3dda4f><link=\\"9024\\">[เติบโต]</link></color> 8 ชั้นถาวร
Relic.Manual.41185	·<color=#d6b85b>เมื่อเกิด <color=#11f7ef><link=\\"9012\\">[แช่แข็ง]</link></color>: </color>เข้าสู่สถานะ <color=#f7e301><link=\\"9021\\">[โอเวอร์โหลด]</link></color> นาน 1 วินาที\\n·<color=#f7e301><link=\\"9021\\">[โอเวอร์โหลด]</link></color>: <color=#11f7ef>ความเสียหายเยือกแข็ง</color> +30%\\n·<color=#f7e301>เรโซแนนซ์สายฟ้า:</color> ทุก<color=#f7e301>เรลิคสายฟ้า</color>ที่มี เพิ่ม<color=#11f7ef>ความเสียหายเยือกแข็ง</color>อีก 30%
Relic.Manual.41186	·<color=#d6b85b>เมื่อสร้างความเสียหายธาตุใดก็ตาม:</color> ความเสียหายสุดท้าย +20% นาน 8 วินาที แต่ละธาตุสะสมเอฟเฟกต์นี้ได้ 1 ชั้น\\n·เมื่อครบ 5 ชั้น จะเรียก<color=#d6b85b>มังกรน้อยห้าสี</color>ทุก 5 วินาที\\n·<color=#d6b85b>มังกรน้อยห้าสี:</color> พ่นลมหายใจมังกรใส่ศัตรูจากด้านบน สร้าง<color=#fff8cb>ความเสียหายจริง</color>เท่ากับจำนวนชั้น <color=#3dda4f>[เติบโต]</color> * จำนวนชั้น <color=#f44f06>[เถ้าเพลิง]</color> * 5%
Relic.Manual.41187	·ทุกชั้นของ <color=#f44f06>[เถ้าเพลิง]</color> หรือ <color=#3dda4f>[เติบโต]</color> ที่มี ความเสียหายแปรปรวน +1%\\n·<color=#d6b85b>หลังกระตุ้นแปรปรวน 10 ครั้ง:</color> ยิงห่าลูกศรใส่ศัตรูที่ใกล้ที่สุด สร้างความเสียหาย<color=#e92f2f>กายภาพ</color> <color=#11f7ef>เยือกแข็ง</color> และ<color=#f7e301>สายฟ้า</color> 200% ความเสียหายนี้นับเป็นความเสียหายแปรปรวน
Relic.Manual.41188	·<color=#a024ff>ความเสียหายสกิลรบ</color> +50%\\n·<color=#d6b85b>เมื่อใช้<color=#a024ff>สกิลรบ</color>:</color> <color=#a024ff>สกิลรบ</color>ที่สร้างความเสียหายจะกระตุ้นเพิ่มอีก 1 ครั้ง
Relic.Manual.41189	·ความเสียหายธาตุทั้งหมดของคุณ +30% ยกเว้นธาตุของอาวุธหลัก\\n·<color=#d6b85b>เรโซแนนซ์ห้าสี:</color> เรลิคที่มีธาตุต่างกันแต่ละชิ้นที่มีเพิ่มความเสียหายอีก 30%
Relic.Manual.41190	·หากคุณมีเรลิคที่มี <color=#d6b85b><link=\\"9022\\">[แตกสลาย]</link></color> 4 ชิ้น จะได้รับเอฟเฟกต์นี้:\\n·<color=#d6b85b><link=\\"9001\\">[ออกเดินทาง]: </link></color>กระตุ้นเอฟเฟกต์ <color=#d6b85b><link=\\"9022\\">[แตกสลาย]</link></color> ของเรลิคที่มี 1 ชิ้นแบบสุ่ม
Relic.Manual.41191	·<color=#d6b85b>เมื่อพกพา:</color> ทุก 20 เหรียญที่ใช้จ่าย เพิ่มความเสียหายสุดท้ายและความเสียหายธาตุของอาวุธหลัก 1% ถาวร\\n·<color=#d6b85b><link=\\"9001\\">[ออกเดินทาง]:</link></color> รับ 20 เหรียญ
Relic.Manual.41192	·พลังโจมตีกระสุนสูงสุด +50%\\n·อัตรา<link=\\"9034\\">ทุบหนัก</link> +40%\\n·<color=#d6b85b>เมื่อสร้างความเสียหายทุบหนัก:</color> สร้างความเสียหายเท่ากันเพิ่มให้ศัตรู
Relic.Manual.41193	·<color=#d6b85b>เมื่อสะสมพลัง:</color> ยิงมิสไซล์เล็กไปข้างหน้าทุก 0.3 วินาที สร้าง<color=#fff8cb>ความเสียหายจริง</color>เท่ากับ 20% ของพลังโจมตีกระสุน
Relic.Manual.41194	·+1 ลูกกระสุน \\n·<color=#d6b85b>สะสมพลังเต็ม:</color> +1 ลูกกระสุน
Relic.Manual.41195	·<color=#d6b85b>สะสมพลังเต็ม:</color> พลังโจมตีกระสุน +100%
Relic.Manual.41196	·<color=#d6b85b>สะสมพลังเต็ม:</color> ยิงกระสุนแบบเดียวกันเพิ่มอีก 1 นัด (ทำงานได้สูงสุด 1 ครั้งทุก 2 วินาที)
Relic.Manual.41197	·ความเร็วสะสมพลัง +15%\\n·<color=#d6b85b>เมื่อใช้ท่าไม้ตาย:</color> ใน 5 วินาทีถัดไป อาวุธสะสมพลังของคุณจะยิงได้ทันที
Relic.Manual.41198	·<color=#d6b85b>สะสมพลังเต็ม:</color> เติมกระสุนทันที 1 นัด ·เอฟเฟกต์ที่กระตุ้นตอนสะสมพลังเต็มจะกระตุ้นเพิ่มอีก 1 ครั้ง
Relic.Manual.41199	·<color=#d6b85b>สะสมพลังเต็ม:</color> ยิงมิสไซล์ 5 ลูกใส่ศัตรูที่ใกล้ที่สุด สร้างความเสียหายธาตุของอาวุธหลักเท่ากับ 100% ของพลังโจมตีกระสุนสูงสุด\\n·ความเสียหายมิสไซล์นับเป็นความเสียหายกระสุน แปรปรวน และ<color=#a024ff>ความเสียหายสกิลรบ</color>
Relic.Manual.41200	·อัตราคริติคอล +25%\\n·หากอัตราคริติคอลของคุณเกิน 50% ความเสียหายคริติคอล +25%\\n·<color=#d6b85b><link=\\"9022\\">[แตกสลาย]</link></color>: รับ <color=#f44f06>[เถ้าเพลิง]</color> 3 ชั้นถาวร
Relic.Manual.41201	·อัตราคริติคอล +25%\\n·<color=#d6b85b>เมื่อออกคริติคอล:</color> รับ <color=#f44f06>[เถ้าเพลิง]</color> ชั่วคราว 1 ชั้น สูงสุด 100 ชั้น หายไปหลังการต่อสู้\\n·<color=#d6b85b><link=\\"9022\\">[แตกสลาย]</link></color>: รับ <color=#f44f06>[เถ้าเพลิง]</color> 8 ชั้นถาวร
Relic.HideManual.41001	<color=#d6b85b>ความโง่ไม่รู้จบ: </color>เอฟเฟกต์ของ <color=#d6b85b>[ไพ่ทาโรต์ - คนโง่]</color> ถูกกระตุ้นเพิ่มอีก 1 ครั้ง (พาสซีฟเฉพาะ)
Relic.HideManual.41002	<color=#d6b85b>นักฆ่ากระต่าย: </color>เมื่อมี <color=#d6b85b>[ไพ่ทาโรต์ - นักมายากล]</color> อัตราคริติคอลต่อกระต่าย +50% (พาสซีฟเฉพาะ)
Relic.HideManual.41003	<color=#d6b85b>คำภาวนาศักดิ์สิทธิ์: </color>เมื่อมี <color=#d6b85b>[ไพ่ทาโรต์ - นักบวชหญิง]</color> การฟื้นฟูที่ได้รับทั้งหมด +50% (พาสซีฟเฉพาะ)
Relic.HideManual.41004	<color=#d6b85b>พรแห่งการเก็บเกี่ยว:</color> เมื่อ <color=#d6b85b>[ไพ่ทาโรต์ - จักรพรรดินี]</color> กระตุ้นการคืนไอเทม จะคืนไอเทมเพิ่มอีก 1 ชิ้น จำกัด 1 ครั้งต่อด่าน (พาสซีฟเฉพาะ)
Relic.HideManual.41005	<color=#d6b85b>บารมีราชัน:</color> เมื่อมี <color=#d6b85b>[ไพ่ทาโรต์ - จักรพรรดิ]</color> ความเสียหายคริติคอลคูณสอง (พาสซีฟเฉพาะ)
Relic.HideManual.41006	<color=#d6b85b>กวาดล้างพวกนอกรีต:</color> เมื่อมี <color=#d6b85b>[ไพ่ทาโรต์ - พระสันตะปาปา]</color> <color=#f7e301>สายฟ้าฟาด</color>จะเล็งเป้าหมายที่ถูกทำเครื่องหมาย <color=#d6b85b>[คนนอกรีต]</color> ก่อน (พาสซีฟเฉพาะ)
Relic.HideManual.41007	<color=#d6b85b>รวมเป็นหนึ่ง:</color> เมื่อมี <color=#d6b85b>[ไพ่ทาโรต์ - คู่รัก]</color> จะเปิดใช้เอฟเฟกต์ของอีกด้านหนึ่งของ <color=#d6b85b>[ไพ่ทาโรต์ - คู่รัก]</color> ด้วย (พาสซีฟเฉพาะ)
Relic.HideManual.41008	<color=#d6b85b>ราชรถแห่งชัยชนะ:</color> เมื่อมี <color=#d6b85b>[ไพ่ทาโรต์ - ราชรถ]</color> เอฟเฟกต์ของ <color=#d6b85b>[ล้อราชรถ]</color> ถูกกระตุ้น 2 ครั้ง (พาสซีฟเฉพาะ)
Relic.HideManual.41009	<color=#d6b85b>ต้นกำเนิดพลัง:</color> เอฟเฟกต์ของ <color=#d6b85b>[ไพ่ทาโรต์ - พลัง]</color> คูณสอง (พาสซีฟเฉพาะ)
Relic.HideManual.41010	<color=#d6b85b>ผู้สันโดษ:</color> เมื่อมี <color=#d6b85b>[ไพ่ทาโรต์ - ฤๅษี]</color> เมื่อออกจาก <color=#d6b85b>[พร้อมลอบสังหาร]</color> จะถือว่าไม่มีใครอยู่ในรัศมีของคุณนาน 3 วินาที (พาสซีฟเฉพาะ)
Relic.HideManual.41011	<color=#d6b85b>โชคชะตาบรรจบ:</color> เมื่อมี <color=#d6b85b>[ไพ่ทาโรต์ - กงล้อแห่งโชคชะตา]</color> ไพ่ทาโรต์ทุกใบของคุณจะนับเป็นทั้งไพ่ตั้งตรงและไพ่กลับหัว (พาสซีฟเฉพาะ)
Relic.HideManual.41012	<color=#d6b85b>ความยุติธรรมสัมบูรณ์:</color> เมื่อมี <color=#d6b85b>[ไพ่ทาโรต์ - ความยุติธรรม]</color> <color=#d6b85b>[ดาบแห่งความยุติธรรม]</color> จะมีผลกับศัตรูที่พลังชีวิตสูงกว่า 65% หรือต่ำกว่า 35% (พาสซีฟเฉพาะ)
Relic.HideManual.41013	<color=#d6b85b>ความหวาดระแวงและการเสียสละ:</color> เอฟเฟกต์ของ <color=#d6b85b>[ไพ่ทาโรต์ - คนแขวนคอ]</color> ถูกกระตุ้นเพิ่มอีก 1 ครั้ง (พาสซีฟเฉพาะ)
Relic.HideManual.41014	<color=#d6b85b>จุดจบแห่งความตาย:</color> เอฟเฟกต์ของ <color=#d6b85b>[ไพ่ทาโรต์ - ความตาย]</color> ถูกกระตุ้นเพิ่มอีก 1 ครั้ง (พาสซีฟเฉพาะ)
Relic.HideManual.41015	<color=#d6b85b>พลังแห่งความพอดี:</color> เมื่อมี <color=#d6b85b>[ไพ่ทาโรต์ - ความพอดี]</color> เอฟเฟกต์ของ <color=#d6b85b>[ตราแห่งความพอดี]</color> จะกลายเป็น: รับ <color=#f44f06><link=\\"9023\\">[เถ้าเพลิง]</link></color> และ <color=#3dda4f><link=\\"9024\\">[เติบโต]</link></color> 5 ชั้น (พาสซีฟเฉพาะ)
Relic.HideManual.41016	<color=#d6b85b>จิตวิญญาณสัญญาปีศาจ:</color> เมื่อมี <color=#d6b85b>[ไพ่ทาโรต์ - ปีศาจ]</color> เมื่อคุณถอด <color=#d6b85b>[สัญญานรก]</color> หรือ <color=#d6b85b>[สัญญาปีศาจ]</color> จะแปลงเอฟเฟกต์ <color=#d6b85b>[ก้อย]</color> 1 ชั้นเป็นเอฟเฟกต์ <color=#d6b85b>[หัว]</color> (พาสซีฟเฉพาะ)
Relic.HideManual.41017	<color=#d6b85b>เปิดประตูหอคอย:</color> เมื่อมี <color=#d6b85b>[ไพ่ทาโรต์·- หอคอย]</color> การ<color=#d6b85b><link=\\"9022\\">[แตกสลาย]</link></color> <color=#d77d3a>กุญแจหอคอย</color> จะให้เรลิคเพิ่มอีก 2 ชิ้น (พาสซีฟเฉพาะ)
Relic.HideManual.41018	<color=#d6b85b>ดาวเยียวยา:</color> เมื่อ <color=#d6b85b>[ไพ่ทาโรต์ - ดวงดาว]</color> ถูกทำลาย จะรับ <color=#3dda4f><link=\\"9024\\">[เติบโต]</link></color> 200 ชั้น (พาสซีฟเฉพาะ)
Relic.HideManual.41019	<color=#d6b85b>จันทร์แปรปรวน:</color> เมื่อมี <color=#d6b85b>[ไพ่ทาโรต์ - ดวงจันทร์]</color> การกระตุ้นแปรปรวนมีโอกาส 33% กระตุ้นเพิ่มอีก 1 ครั้ง (พาสซีฟเฉพาะ)
Relic.HideManual.41020	<color=#d6b85b>เที่ยงวันหยิ่งผยอง:</color> เมื่อมี <color=#d6b85b>[ไพ่ทาโรต์ - ดวงอาทิตย์]</color> <color=#d6b85b>[พรแห่งสุริยันศักดิ์สิทธิ์]</color> และ <color=#d6b85b>[พรแห่งสุริยันแผดเผา]</color> จะคงอยู่ในสถานะเที่ยงวันนาน 5 วินาที (พาสซีฟเฉพาะ)
Relic.HideManual.41021	<color=#d6b85b>คำพิพากษาสุดท้าย:</color> เมื่อมี <color=#d6b85b>[ไพ่ทาโรต์ - การพิพากษา]</color> การสร้างความเสียหายแก่ศัตรูที่พลังชีวิตต่ำกว่า 10% จะสังหารเป้าหมายทันที (พาสซีฟเฉพาะ)
Relic.HideManual.41022	<color=#d6b85b>พลังแห่งโลก:</color> เมื่อมี <color=#d6b85b>[ไพ่ทาโรต์ - โลก]</color> ทุกเรลิค <color=#d77d3a>[ตำนาน]</color> เพิ่มเติมที่มี เอฟเฟกต์ของ <color=#d77d3a>[ศิลาโลก]</color> ถูกกระตุ้นเพิ่มอีก 1 ครั้ง (พาสซีฟเฉพาะ)
Relic.Manual.43001	·<color=#d6b85b>เมื่อเกิด <link=\\"9001\\">[ออกเดินทาง]</link>:</color> ความเสียหายสุดท้าย +<color=#ff3911>2%</color>
Relic.Manual.43002	·ความเร็วรีโหลด <color=#ff3911>+200%</color>\\n·<color=#d6b85b>รีโหลด:</color> มีโอกาส<color=#ff3911> 75%</color> รีโหลดเสร็จทันที
Relic.Manual.43003	·<color=#d6b85b><link=\\"9002\\">[ปลายทาง]:</link></color> ฟื้นพลังชีวิตที่เสียไป <color=#ff3911>65%</color>
Relic.Manual.43004	·<color=#d6b85b><link=\\"9002\\">[ปลายทาง]:</link></color> สุ่มสร้างไอเทม <color=#ff3911>2</color> ชิ้น
Relic.Manual.43005	·อัตราคริติคอล <color=#ff3911>+50%</color>\\n·ความเสียหายคริติคอล <color=#ff3911>+250%</color>
Relic.Manual.43006	·<color=#d6b85b>เมื่อใช้ท่าไม้ตาย:</color> เรียก<color=#f7e301>สายฟ้าทัณฑ์สวรรค์</color> <color=#ff3911>20</color> ครั้งทั่วแผนที่ <color=#f7e301>สายฟ้าฟาด</color>แต่ละครั้งสร้าง<color=#f7e301>ความเสียหายสายฟ้า</color> <color=#ff3911>666%</color> แก่ศัตรู <color=#f7e301>สายฟ้าทัณฑ์สวรรค์</color>นับเป็น<color=#a024ff>ความเสียหายสกิลรบ</color>ด้วย
Relic.Manual.43007	·พลังโจมตีกระสุน <color=#ff3911>+150%</color>\\n·<color=#a024ff>ความเสียหายสกิลรบ</color><color=#ff3911> +150%</color>\\n·พลังโจมตีกระสุนและ<color=#a024ff>ความเสียหายสกิลรบ</color>ของคุณจะเท่ากัน โดยใช้ค่าที่สูงกว่าเสมอ
Relic.Manual.43008	·<color=#d6b85b>เมื่อจบการต่อสู้:</color> สร้างเรลิคที่มี <color=#d6b85b><link=\\"9001\\">[ออกเดินทาง]</link></color> หรือ <color=#d6b85b><link=\\"9002\\">[ปลายทาง]</link></color> <color=#ff3911>2</color> ชิ้น
Relic.Manual.43009	·พลังชีวิตสูงสุด +<color=#ff3911>220%</color>
Relic.Manual.43010	·<color=#d6b85b>หลบ:</color> เข้าสู่สถานะ <color=#d6b85b>[พร้อมลอบสังหาร]</color> ความเร็วเคลื่อนที่ +<color=#ff3911>100%</color> และนัดถัดไปสร้างความเสียหาย +<color=#ff3911>720%</color> นาน 3 วินาที (คูลดาวน์ 6 วินาที)
Relic.Manual.43011	·ทุก <color=#d6b85b>[ไพ่ทาโรต์]ตั้งตรง</color> 1 ใบและ <color=#d6b85b>[ไพ่ทาโรต์]กลับหัว</color> 1 ใบที่ถืออยู่ ความเสียหายสุดท้าย +<color=#ff3911>60%</color>
Relic.Manual.43012	·คุณสร้างความเสียหาย +<color=#ff3911>300%</color> ต่อศัตรูที่พลังชีวิตสูงกว่า 80% หรือต่ำกว่า 20%
Relic.Manual.43013	·<color=#d6b85b>เมื่อ <link=\\"9022\\">[แตกสลาย]</link> ถูกกระตุ้น:</color> ความเสียหายสุดท้าย +<color=#ff3911>8%</color>
Relic.Manual.43014	·<color=#d6b85b>เมื่อใช้ท่าไม้ตาย:</color> เรียก<color=#fff8cb>เคียวมรณะ</color>กวาดไปข้างหน้า สร้าง<color=#fff8cb>ความเสียหายจริง</color> <color=#ff3911>999%</color> แก่ศัตรูทุกตัว\\n·<color=#d6b85b>เมื่อ <link=\\"9002\\">[ปลายทาง]</link> ถูกกระตุ้น:</color> ความเสียหาย<color=#fff8cb> เคียวมรณะ</color> +<color=#ff3911>99%</color>
Relic.Manual.43015	·<color=#d6b85b>เมื่อแยกชิ้นส่วน</color><color=#d6b85b>ไอเทม:</color> สุ่มรับ <color=#f44f06><link=\\"9023\\">[เถ้าเพลิง]</link></color> หรือ <color=#3dda4f><link=\\"9024\\">[เติบโต]</link></color> <color=#ff3911>5</color> ชั้น
Relic.Manual.43016	·<color=#d6b85b><link=\\"9001\\">[ออกเดินทาง]: </link></color>โยน<color=#d6b85b>เหรียญปีศาจ</color> ได้รับเอฟเฟกต์ <color=#d6b85b>[หัว]</color> หรือ <color=#d6b85b>[ก้อย]</color> อย่างใดอย่างหนึ่ง 1 ชั้น\\n·<color=#d6b85b>[หัว]:</color> ความเสียหายสุดท้าย +<color=#ff3911>15%</color>\\n·<color=#d6b85b>[ก้อย]:</color> ความเสียหายที่ได้รับทั้งหมด +<color=#ff3911>15%</color>
Relic.Manual.43017	·<color=#d6b85b><link=\\"9022\\">[แตกสลาย]</link>:</color> สุ่มรับเรลิค <color=#d77d3a>ตำนาน</color> <color=#ff3911>2</color> ชิ้น
Relic.Manual.43018	·<color=#d6b85b>เมื่อพกพา:</color> รับ <color=#3dda4f><link=\\"9024\\">[เติบโต]</link></color> <color=#ff3911>125</color> ชั้น
Relic.Manual.43019	·<color=#d6b85b>เมื่อเกิดแปรปรวน:</color> รับ <color=#d6b85b>[พรจันทรา]</color> 2 ชั้น เมื่อ <color=#11f7ef>[พรจันทรา]</color> ครบ 10 ชั้น จะเรียก<color=#11f7ef>แสงจันทร์</color>มาสร้าง<color=#11f7ef>ความเสียหายเยือกแข็ง</color> <color=#ff3911>2500%</color> แก่ศัตรูทุกตัว <color=#11f7ef>แสงจันทร์</color>นับเป็นความเสียหายแปรปรวน
Relic.Manual.43020	·<color=#d6b85b>เมื่อใช้ท่าไม้ตาย:</color> นัดถัดไปเพิ่ม<color=#f44f06>เปลวสุริยะ</color> สร้าง<color=#f44f06>ความเสียหายเพลิง</color> <color=#ff3911>4000%</color> <color=#f44f06>เปลวสุริยะ</color>นับเป็นความเสียหายกระสุนด้วย
Relic.Manual.43021	·<color=#d6b85b>เมื่อพลังชีวิตศัตรูต่ำกว่า 60%:</color> ทุก 1% ของพลังชีวิตที่เสียไป ความเสียหายที่มันได้รับ +<color=#ff3911>2.5%</color>
Relic.Manual.43022	·<color=#d6b85b><link=\\"9001\\">[ออกเดินทาง]: </link></color>รับ <color=#f44f06><link=\\"9023\\">[เถ้าเพลิง]</link></color>, <color=#3dda4f><link=\\"9024\\">[เติบโต]</link></color> และ <color=#11f7ef><link=\\"9025\\">[เกราะ]</link></color> อย่างละ <color=#ff3911>1</color> ชั้น กระตุ้น 2 ครั้ง\\n·<color=#d6b85b><link=\\"9002\\">[ปลายทาง]:</link></color> รับ <color=#f44f06><link=\\"9023\\">[เถ้าเพลิง]</link></color>, <color=#3dda4f><link=\\"9024\\">[เติบโต]</link></color> และ <color=#11f7ef><link=\\"9025\\">[เกราะ]</link></color> อย่างละ <color=#ff3911>1</color> ชั้น กระตุ้น 2 ครั้ง
Relic.Manual.43023	·<color=#d6b85b>เมื่อใช้<color=#a024ff>สกิลรบ</color>: </color>ทำให้ศัตรูที่ใกล้ที่สุดติด <color=#e92f2f>[เลือดออก]</color> <color=#ff3911>กระตุ้น 2 ครั้ง</color>
Relic.Manual.43024	·อัตราสะสมแปรปรวนจากกระสุน <color=#ff3911>+75%</color>
Relic.Manual.43025	·กระสุนสร้างความเสียหายธาตุของอาวุธรองเพิ่ม <color=#ff3911>75%</color>
Relic.Manual.43026	·พลังโจมตีกระสุนสูงสุด <color=#ff3911>+50%</color>\\n·อัตรา<link=\\"9034\\">ทุบหนัก</link> <color=#ff3911>+35%</color>
Relic.Manual.43027	·<color=#d6b85b><link=\\"9001\\">ออกเดินทาง เมื่อใช้ท่าไม้ตาย:</link></color> ในด่านนี้ การใช้สกิลรบ <color=#ff3911>2</color> ครั้งถัดไปไม่เข้าคูลดาวน์
Relic.Manual.43028	·พลังโจมตีกระสุนสูงสุด <color=#ff3911>+50%</color>, อัตรา<link=\\"9034\\">ทุบหนัก</link> <color=#ff3911>+35%</color>\\n·<color=#d6b85b><link=\\"9001\\">ออกเดินทาง:</link> </color>อัตรา<link=\\"9034\\">ทุบหนัก</link> +<color=#ff3911>5%</color> ถาวร
Relic.Manual.43029	·<color=#e92f2f>ความเสียหายกายภาพ</color><color=#ff3911>+50%</color>\\n·<color=#d6b85b><link=\\"9002\\">ปลายทาง:</link></color><color=#a024ff> ความเสียหายสกิลรบ</color> +<color=#ff3911>10%</color> ถาวร
Relic.Manual.43030	·<color=#e92f2f>ความเสียหายกายภาพ</color><color=#ff3911> +50%</color>\\n·<color=#d6b85b><link=\\"9002\\">[ปลายทาง]:</link></color><link=\\"9033\\"> ความเสียหายจากแปรปรวน</link> +<color=#ff3911>10%</color> ถาวร
Relic.Manual.43031	·<color=#d6b85b>เมื่อใช้<color=#a024ff>สกิลรบ</color>:</color> อัตรายิง +50% และกระสุน<color=#d6b85b><link=\\"9034\\">ทุบหนัก</link></color></color>แน่นอน สิ้นสุดเมื่อรีโหลด\\n·<color=#d6b85b><link=\\"9034\\">เมื่อทุบหนัก</link>: เพิ่ม<color=#e92f2f>ใบมีดแตกสลาย</color> เพิ่มค่าสะสม <color=#e92f2f><link=\\"9011\\">[เลือดออก]</link></color> <color=#ff3911>35</color>
Relic.Manual.43032	·พลังโจมตีกระสุนสูงสุด <color=#ff3911>+50%</color> \\nอัตรา<link=\\"9034\\">ทุบหนัก</link> <color=#ff3911>+35%</color> \\n·<color=#d6b85b>เมื่อ<link=\\"9034\\">ทุบหนัก</link>:</color> <color=#e92f2f>หอกเลือด</color>เจาะทะลุศัตรู เพิ่มค่าสะสม <color=#e92f2f><link=\\"9011\\">[เลือดออก]</link></color> <color=#ff3911>75</color>
Relic.Manual.43033	·พลังโจมตีกระสุนสูงสุด <color=#ff3911>+120%</color>\\n·<color=#d6b85b><link=\\"9001\\">ออกเดินทาง:</link></color> หลังเข้าสู่การต่อสู้ อัตรายิงและความเร็วรีโหลด +<color=#ff3911>100%</color> นาน 20 วินาที
Relic.Manual.43034	<color=#e92f2f>ความเสียหายกายภาพ</color><color=#ff3911>+75%</color>\\n·<color=#d6b85b><link=\\"9001\\">ออกเดินทาง:</link></color> ฟื้นค่าท่าไม้ตาย <color=#ff3911>75%</color>
Relic.Manual.43035	·<color=#d6b85b><link=\\"9001\\">ออกเดินทาง:</link></color><color=#e92f2f> ความเสียหายกายภาพ</color> +<color=#ff3911>8%</color> ถาวร\\n·เมื่อโจมตีศัตรูที่พลังชีวิตต่ำกว่า 50% พลังโจมตีกระสุน +<color=#ff3911>250%</color>
Relic.Manual.43036	·<color=#d6b85b>เมื่อเกิด </color><color=#e92f2f><link=\\"9011\\">[เลือดออก]</link></color><color=#d6b85b>:</color> ลดความต้านทานทั้งหมดของเป้าหมาย <color=#ff3911>5%</color> ซ้อนได้ไม่จำกัด
Relic.Manual.43037	·พลังโจมตีกระสุนสูงสุด <color=#ff3911>+70%</color>\\n·อัตรา<link=\\"9034\\">ทุบหนัก</link> <color=#ff3911>+35%</color>\\n·<color=#d6b85b><link=\\"9034\\">เมื่อทุบหนัก</link>:</color> ทำให้ศัตรูทุกตัวในระยะ 200 หลาติด <color=#e92f2f>[เลือดสาด]</color> โดย <color=#e92f2f>[เลือดสาด]</color> นับเป็น <color=#e92f2f><link=\\"9011\\">[เลือดออก]</link></color>
Relic.Manual.43038	·อัตราสะสมแปรปรวน <color=#ff3911>+70%</color>\\n·หลังทำให้ศัตรูติดแปรปรวน 5 ครั้ง <color=#e92f2f>จันทร์เลือด</color>จะสาปศัตรูตัวนั้น สร้าง<color=#e92f2f>ความเสียหายกายภาพ</color> <color=#ff3911>1300%</color> ความเสียหายนี้นับเป็นความเสียหายแปรปรวน
Relic.Manual.43039	·<color=#d6b85b>เมื่อใช้ท่าไม้ตาย:</color> ปล่อย<color=#e92f2f>คำสาปเลือด</color>ใส่ศัตรูที่ใกล้ที่สุด <color=#ff3911>2 ครั้ง</color> สร้าง<color=#e92f2f>ความเสียหายกายภาพ</color> 300% หลัง<color=#e92f2f>คำสาปเลือด</color>สร้างความเสียหาย จะกระตุ้นเอฟเฟกต์<color=#d6b85b><link=\\"9001\\">ออกเดินทาง</link></color>ทั้งหมดของคุณ
Relic.Manual.43040	·<color=#e92f2f>ความเสียหายกายภาพ </color>+<color=#ff3911>250%</color>\\n·<color=#d6b85b>เมื่อเข้าด่าน:</color> ครั้งแรกที่แยกชิ้นส่วนเรลิค<color=#e92f2f>กายภาพ</color>อื่น จะได้รับเอฟเฟกต์ของมันถาวร (พาสซีฟเฉพาะ)
Relic.Manual.43041	·<color=#d6b85b>เมื่อเกิด</color> <color=#e92f2f><link=\\"9011\\">[เลือดออก]</link></color><color=#d6b85b>:</color> สร้างความเสียหาย<color=#e92f2f>กายภาพ</color>จาก<color=#a024ff>สกิลรบ</color>เพิ่ม <color=#ff3911>+700%</color>\\n·<color=#d6b85b>เมื่อใช้สกิลรบ:</color> ทำให้ศัตรูทุกตัวติด <color=#e92f2f><link=\\"9011\\">[เลือดออก]</link></color> <color=#ff3911>2</color> ชั้น
Relic.Manual.43042	·<color=#d6b85b><link=\\"9001\\">ออกเดินทาง:</link></color> อัตรา<link=\\"9034\\"> ทุบหนัก</link> +<color=#ff3911>12%</color> ถาวร\\n·<color=#e92f2f><link=\\"9011\\">[เลือดออก]</link></color> ออกคริติคอลได้ และอัตรา<link=\\"9034\\">ทุบหนัก</link>ยังเพิ่มอัตราคริติคอลของ <color=#e92f2f><link=\\"9011\\">[เลือดออก]</link></color> ด้วย\\n·อัตรา<link=\\"9034\\">ทุบหนัก</link>ส่วนเกินแปลงเป็นความเสียหาย <color=#e92f2f><link=\\"9011\\">[เลือดออก]</link></color> <color=#ff3911>สามเท่า</color>
Relic.Manual.43043	·<color=#d6b85b><link=\\"9001\\">ออกเดินทาง</link></color>, <color=#d6b85b><link=\\"9002\\">ปลายทาง</link></color>, <color=#d6b85b>เมื่อใช้ท่าไม้ตาย:</color> ความเสียหาย<color=#e92f2f><link=\\"9011\\"> [เลือดออก]</link></color> +<color=#ff3911>10%</color> ถาวร\\n·<color=#d6b85b>เมื่อเกิด</color><color=#e92f2f><link=\\"9011\\"> [เลือดออก]</link></color><color=#d6b85b>:</color> มีโอกาส 20% สร้างความเสียหาย <color=#ff3911>20 เท่า</color>
Relic.Manual.43044	·<color=#d6b85b>เมื่อยิง:</color> <color=#99b7bb><link=\\"9035\\">โอกาสปรับตัว</link></color> <color=#ff3911>100%</color> ที่จะยิง<color=#11f7ef>หนามน้ำแข็ง</color>เพิ่ม 1 ลูก ทำให้ติด <color=#11f7ef><link=\\"9012\\">[แช่แข็ง]</link></color> ตลอดแนว
Relic.Manual.43045	·ความเสียหายสุดท้าย <color=#ff3911>+25%</color>
Relic.Manual.43046	·<color=#d6b85b><link=\\"9001\\">ออกเดินทาง:</link></color> รับ <color=#11f7ef><link=\\"9025\\">[เกราะ]</link></color> <color=#ff3911>5</color>
Relic.Manual.43047	·บล็อกความเสียหายครั้งถัดไป แล้ว<color=#d6b85b><link=\\"9022\\">[แตกสลาย]</link></color> \\n·<color=#d6b85b><link=\\"9022\\">[แตกสลาย]</link></color>: รับ <color=#11f7ef><link=\\"9025\\">[เกราะ]</link></color> <color=#ff3911>25</color>
Relic.Manual.43048	·<color=#d6b85b><link=\\"9001\\">ออกเดินทาง:</link></color> รับ <color=#11f7ef><link=\\"9025\\">[เกราะ]</link></color> <color=#ff3911>2</color>\\n·<color=#d6b85b>เมื่อเสีย <color=#11f7ef><link=\\"9025\\">[เกราะ]</link></color>: </color>ทุก 1 ชั้นของ <color=#d6b85b>[เกราะ]</color> ที่เสียไป ความเสียหายสุดท้าย +<color=#ff3911>5%</color> จนออกจากการต่อสู้
Relic.Manual.43049	·<color=#d6b85b><link=\\"9001\\">ออกเดินทาง:</link></color> รับ <color=#11f7ef><link=\\"9025\\">[เกราะ]</link></color> <color=#ff3911>6</color> \\n·<color=#d6b85b><link=\\"9022\\">[แตกสลาย]</link></color>: รับเอฟเฟกต์ <color=#d6b85b>[ออกเดินทาง]</color> ของเรลิคนี้ถาวร แต่เกราะที่ได้ลดเหลือ <color=#ff3911>2</color>
Relic.Manual.43050	·<color=#d6b85b><link=\\"9002\\">ปลายทาง:</link></color> รับ <color=#11f7ef><link=\\"9025\\">[เกราะ]</link></color> <color=#ff3911>5</color> \\n·<color=#d6b85b>เมื่อมี <color=#11f7ef><link=\\"9025\\">[เกราะ]</link></color>: </color>ลูกกระสุน <color=#ff3911>+2</color>
Relic.Manual.43051	·<color=#d6b85b><link=\\"9001\\">ออกเดินทาง:</link></color> รับ <color=#11f7ef><link=\\"9025\\">[เกราะ]</link></color> <color=#ff3911>3</color>\\n·<color=#d6b85b>เมื่อมี <color=#11f7ef><link=\\"9025\\">[เกราะ]</link></color>: </color>อัตราคริติคอล +<color=#ff3911>60%</color>
Relic.Manual.43052	·<color=#11f7ef>ความเสียหายเยือกแข็ง</color> <color=#ff3911>+50%</color>\\n·<color=#d6b85b>เมื่อใช้<color=#a024ff>สกิลรบ</color>:</color> <color=#ff3911>2 ครั้ง</color>ถัดไปที่สร้างความเสียหาย จะปล่อย<color=#11f7ef>พายุหิมะ</color>ที่กระตุ้น <color=#11f7ef><link=\\"9012\\">[แช่แข็ง]</link></color>
Relic.Manual.43053	·<color=#d6b85b>เมื่อกระสุนสร้างความเสียหาย:</color> กระตุ้น<color=#11f7ef>ระเบิดน้ำแข็ง</color>ในวงแคบ สร้าง<color=#11f7ef>ความเสียหายเยือกแข็ง</color>เท่ากับ <color=#ff3911>250%</color> ของพลังโจมตีกระสุน
Relic.Manual.43054	·<color=#d6b85b><link=\\"9001\\">ออกเดินทาง:</link></color> รับ <color=#11f7ef><link=\\"9025\\">[เกราะ]</link></color> <color=#ff3911>4</color> <color=#ff3911>กระตุ้น 2 ครั้ง</color> \\n·<color=#d6b85b><link=\\"9002\\">ปลายทาง:</link></color> รับ <color=#11f7ef><link=\\"9025\\">[เกราะ]</link></color> <color=#ff3911>4</color> <color=#ff3911>กระตุ้น 2 ครั้ง</color>
Relic.Manual.43055	·<color=#d6b85b><link=\\"9001\\">ออกเดินทาง:</link></color> รับ <color=#11f7ef><link=\\"9025\\">[เกราะ]</link></color> <color=#ff3911>2</color> \\n·<color=#11f7ef><link=\\"9025\\">[เกราะ]</link></color> ทุก 1 ชั้นเพิ่มความเสียหายสุดท้าย <color=#ff3911>1.25%</color>
Relic.Manual.43056	·<color=#d6b85b><link=\\"9002\\">ปลายทาง:</link></color> รับ <color=#11f7ef><link=\\"9025\\">[เกราะ]</link></color> <color=#ff3911>5</color> \\n·<color=#d6b85b><link=\\"9022\\">[แตกสลาย]</link></color>: ในเกมนี้ ทุกครั้งที่ได้ <color=#11f7ef><link=\\"9025\\">[เกราะ]</link></color> จะได้เพิ่มอีก <color=#ff3911>2</color> ชั้น
Relic.Manual.43057	·<color=#11f7ef>ความเสียหายเยือกแข็ง</color> <color=#ff3911>+75%</color>\\n·เมื่อ <color=#11f7ef><link=\\"9012\\">[แช่แข็ง]</link></color> สิ้นสุด จะกระตุ้น<color=#11f7ef>ระเบิดน้ำแข็ง</color> สร้าง<color=#11f7ef>ความเสียหายเยือกแข็ง</color> <color=#ff3911>85%</color> แก่ศัตรูในวงแคบ
Relic.Manual.43058	·<color=#11f7ef><link=\\"9012\\">[แช่แข็ง]</link></color> ออกคริติคอลได้\\n·<color=#11f7ef><link=\\"9025\\">[เกราะ]</link></color> ทุก 1 ชั้นที่มีเพิ่มอัตราคริติคอลของ <color=#11f7ef><link=\\"9012\\">[แช่แข็ง]</link></color> <color=#ff3911>3%</color>
Relic.Manual.43059	·<color=#d6b85b><link=\\"9002\\">ปลายทาง:</link></color> รับ <color=#11f7ef><link=\\"9025\\">[เกราะ]</link></color> <color=#ff3911>3</color>\\n·<color=#11f7ef><link=\\"9025\\">[เกราะ]</link></color> ทุก 1 ชั้นที่มีเพิ่ม<color=#11f7ef>ความเสียหายเยือกแข็ง</color> <color=#ff3911>1%</color>
Relic.Manual.43060	·<color=#d6b85b><link=\\"9001\\">ออกเดินทาง:</link></color> รับ <color=#11f7ef><link=\\"9025\\">[เกราะ]</link></color> <color=#ff3911>5</color>\\n·<color=#d6b85b>เมื่อยิง:</color> <color=#99b7bb><link=\\"9035\\">โอกาสปรับตัว</link></color> <color=#ff3911>80%</color> ที่จะเรียก<color=#11f7ef>อุกกาบาตน้ำแข็ง</color>ลงใส่ศัตรูที่ใกล้ที่สุด ทำให้ศัตรูในพื้นที่เป้าหมายติด <color=#11f7ef><link=\\"9012\\">[แช่แข็ง]</link></color>\\n·<color=#11f7ef><link=\\"9025\\">[เกราะ]</link></color> ทุก 1 ชั้นที่มีเพิ่มความเสียหายนี้ <color=#ff3911>1.25%</color>
Relic.Manual.43061	·<color=#d6b85b><link=\\"9001\\">ออกเดินทาง,</link></color><color=#d6b85b><link=\\"9002\\">ปลายทาง:</link></color> รับ <color=#11f7ef><link=\\"9025\\">[เกราะ]</link></color> <color=#ff3911>10</color> <color=#ff3911>กระตุ้น 2 ครั้ง</color>\\n·<color=#d6b85b>เมื่อถูกโจมตี:</color> ความเสียหายที่ได้รับจะไม่เกินจำนวนชั้น <color=#11f7ef><link=\\"9025\\">[เกราะ]</link></color> ของคุณ\\n·ขีดจำกัด <color=#11f7ef><link=\\"9025\\">[เกราะ]</link></color> + <color=#ff3911>2000</color>\\n·<color=#d6b85b>เมื่อได้รับ <color=#11f7ef><link=\\"9025\\">[เกราะ]</link></color>:</color> จำนวนที่ได้ +<color=#ff3911>200%</color>
Relic.Manual.43062	·ทุก 5 วินาที ปล่อย<color=#11f7ef>ตาพายุ</color>ใส่ศัตรูที่ใกล้ที่สุด สร้าง<color=#11f7ef>ความเสียหายเยือกแข็ง</color> <color=#ff3911>500%</color> ต่อวินาที\\n·<color=#11f7ef><link=\\"9025\\">[เกราะ]</link></color> ทุก 1 ชั้นที่มีเพิ่มความเสียหายของตาพายุ +<color=#ff3911>12%</color>
Relic.Manual.43063	·<color=#d6b85b>เมื่อใช้ท่าไม้ตาย:</color> สร้าง<color=#11f7ef>ความเสียหายเยือกแข็ง</color> <color=#ff3911>600%</color> แก่ศัตรูทุกตัวและทำให้ติด <color=#11f7ef><link=\\"9012\\">[แช่แข็ง]</link></color> ศัตรูที่โดนแต่ละตัวให้ <color=#11f7ef><link=\\"9025\\">[เกราะ]</link></color> <color=#ff3911>2</color> \\n<color=#d6b85b>เมื่อได้รับ <color=#11f7ef><link=\\"9025\\">[เกราะ]</link></color>: </color>จำนวนที่ได้ +<color=#ff3911>100%</color>
Relic.Manual.43064	·<color=#d6b85b>เมื่อใช้ท่าไม้ตาย:</color> ยิง<color=#11f7ef>ธารน้ำแข็งยักษ์</color> <color=#ff3911>2</color> ลูกใส่ศัตรูที่ใกล้ที่สุด สร้าง<color=#11f7ef>ความเสียหายเยือกแข็ง</color> 300% หลัง<color=#11f7ef>ธารน้ำแข็งยักษ์</color>สร้างความเสียหาย จะกระตุ้นเอฟเฟกต์<color=#d6b85b><link=\\"9002\\">[ปลายทาง]</link></color>ทั้งหมดของคุณ
Relic.Manual.43065	·<color=#d6b85b>หลบ:</color> เข้าสู่สถานะ <color=#f7e301><link=\\"9021\\">[โอเวอร์โหลด]</link></color> นาน 2 วินาที\\n·<color=#d6b85b>ระหว่างสถานะ </color><color=#f7e301><link=\\"9021\\">[โอเวอร์โหลด]</link></color><color=#d6b85b>:</color> อัตรายิง +<color=#ff3911>40%</color>, ความเร็วรีโหลด +<color=#ff3911>40%</color>
Relic.Manual.43066	·<color=#d6b85b>หลบ:</color> เข้าสู่สถานะ <color=#f7e301><link=\\"9021\\">[โอเวอร์โหลด]</link></color> นาน 2 วินาที\\n·<color=#d6b85b>ระหว่าง <color=#f7e301><link=\\"9021\\">[โอเวอร์โหลด]</link></color>: </color>ความเร็วเคลื่อนที่และระยะหลบ +<color=#ff3911>100%</color>
Relic.Manual.43067	·<color=#d6b85b>เมื่อยิง: </color><color=#99b7bb><link=\\"9035\\">โอกาสปรับตัว</link></color> 80% ที่จะปล่อย<color=#f7e301>สายฟ้าลูกโซ่</color>เพิ่ม 1 ครั้ง สร้าง<color=#f7e301>ความเสียหายสายฟ้า</color> <color=#ff3911>200%</color> เด้งได้สูงสุด 3 ครั้ง
Relic.Manual.43068	·อัตรายิง <color=#ff3911>+20%</color>\\n·ความเร็วรีโหลด <color=#ff3911>+20%</color>
Relic.Manual.43069	·<color=#d6b85b><link=\\"9031\\">[นัดแรก]</link></color>: เข้าสู่สถานะ <color=#f7e301><link=\\"9021\\">[โอเวอร์โหลด]</link></color> นาน 2 วินาที\\n·<color=#d6b85b>ระหว่างสถานะ</color> <color=#f7e301><link=\\"9021\\">[โอเวอร์โหลด]</link></color><color=#d6b85b>:</color> ความเสียหายสุดท้าย +<color=#ff3911>100%</color>
Relic.Manual.43070	·<color=#d6b85b>เมื่อใช้<color=#a024ff>สกิลรบ</color>:</color> เข้าสู่สถานะ <color=#f7e301><link=\\"9021\\">[โอเวอร์โหลด]</link></color> นาน 6 วินาที \\n·<color=#d6b85b>ระหว่างสถานะ </color><color=#f7e301><link=\\"9021\\">[โอเวอร์โหลด]</link></color><color=#d6b85b>: </color>ลูกกระสุน <color=#ff3911>+4</color>
Relic.Manual.43071	·<color=#d6b85b>เมื่อเกิดแปรปรวน:</color> เข้าสู่สถานะ <color=#f7e301><link=\\"9021\\">[โอเวอร์โหลด]</link></color> นาน 2 วินาที\\n·<color=#d6b85b>ระหว่างสถานะ</color> <color=#f7e301><link=\\"9021\\">[โอเวอร์โหลด]</link></color><color=#d6b85b>:</color> <color=#a024ff>ความเสียหายสกิลรบ</color> +<color=#ff3911>220%</color>
Relic.Manual.43072	·<color=#d6b85b>เมื่อเกิด<link=\\"9033\\">แปรปรวน</link>:</color> เรียก<color=#f7e301>สายฟ้าสวรรค์</color>ลงใส่ศัตรู สร้าง<color=#f7e301>ความเสียหายสายฟ้า</color>ของอาวุธ <color=#ff3911>200%</color>
Relic.Manual.43073	·อัตรายิง <color=#ff3911>+50%</color>\\n·<color=#d6b85b>เมื่อกระสุนสร้างความเสียหาย:</color> <color=#99b7bb><link=\\"9035\\">โอกาสปรับตัว</link></color> <color=#ff3911>50%</color> ที่จะกระตุ้น<color=#f7e301>วงไฟฟ้า</color> ทำให้ศัตรูทุกตัวใน<color=#f7e301>วงไฟฟ้า</color>ติด <color=#f7e301><link=\\"9013\\">[ปั่นป่วน]</link></color>
Relic.Manual.43074	·<color=#f7e301>ความเสียหายสายฟ้า</color> <color=#ff3911>+50%</color>\\n <color=#d6b85b>เมื่อเกิด<link=\\"9033\\">แปรปรวน</link>: </color><color=#ff3911>2</color> นัดถัดไป +2 ลูกกระสุน, พลังโจมตีกระสุน +<color=#ff3911>50%</color>
Relic.Manual.43075	·<color=#d6b85b>เมื่อยิง:</color> <color=#99b7bb><link=\\"9035\\">โอกาสปรับตัว</link></color> <color=#ff3911>25%</color> ที่จะเข้าสู่สถานะ <color=#f7e301><link=\\"9021\\">[โอเวอร์โหลด]</link></color> นาน 6 วินาที\\n·<color=#d6b85b>ระหว่างสถานะ </color><color=#f7e301><link=\\"9021\\">[โอเวอร์โหลด]</link></color><color=#d6b85b>:</color> อัตรายิง +<color=#ff3911>80%</color> และความเร็วรีโหลด +<color=#ff3911>80%</color>
Relic.Manual.43076	 อัตราสะสมท่าไม้ตาย <color=#ff3911>+50%</color>\\n·<color=#d6b85b>เมื่อใช้ท่าไม้ตาย:</color> ยิง<color=#f7e301>กระสุนเก็บประจุ</color> 10 นัด แต่ละนัดสร้าง<color=#f7e301>ความเสียหายสายฟ้า</color> <color=#ff3911>500%</color> และสร้างความเสียหายสองเท่าต่อศัตรูที่ติด <color=#f7e301><link=\\"9013\\">[ปั่นป่วน]</link></color>
Relic.Manual.43077	·ความเสียหายแปรปรวน <color=#ff3911>+120%</color>\\n·<color=#d6b85b>เมื่อกระสุนสร้างความเสียหาย:</color> เพิ่ม<color=#f7e301>ความเสียหายสายฟ้า</color> <color=#ff3911>80</color> ซึ่งนับเป็นความเสียหายแปรปรวนด้วย
Relic.Manual.43078	·<color=#d6b85b>เมื่อใช้ท่าไม้ตาย:</color> เข้าสู่สถานะ <color=#f7e301><link=\\"9021\\">[โอเวอร์โหลด]</link></color> นาน 6 วินาที\\n·<color=#d6b85b>ระหว่างสถานะ </color><color=#f7e301><link=\\"9021\\">[โอเวอร์โหลด]</link></color><color=#d6b85b>:</color> ยิง<color=#f7e301>สายฟ้าลูกโซ่</color>อัตโนมัติ 1 ครั้งทุก 1 วินาที สร้าง<color=#f7e301>ความเสียหายสายฟ้า</color> 50% และทำให้ติด <color=#f7e301><link=\\"9013\\">[ปั่นป่วน]</link></color>\\n·<color=#f7e301>สายฟ้าลูกโซ่</color>เด้งใส่ตัวคุณเองได้ และเด้ง 6 ครั้ง\\n·<color=#bd30e7>หลอม·สนามปั่นป่วน</color>เพิ่มเติมจะไม่ยิง<color=#f7e301>สายฟ้าลูกโซ่</color>ใหม่ แต่เพิ่มการเด้งให้ +8 ครั้งแทน
Relic.Manual.43079	·<color=#d6b85b>เมื่อใช้ท่าไม้ตาย:</color> <color=#f7e301>ความเสียหายสายฟ้า</color> +<color=#ff3911>8%</color> ถาวร\\n·<color=#d6b85b>เมื่อเกิด </color><color=#f7e301><link=\\"9013\\">[ปั่นป่วน]</link></color><color=#d6b85b>:</color> หากเป้าหมายติด <color=#f7e301><link=\\"9013\\">[ปั่นป่วน]</link></color> อยู่แล้ว จะปล่อย<color=#f7e301>พายุฟ้าคะนอง</color>ในวงแคบ สร้าง<color=#f7e301>ความเสียหายสายฟ้า</color>ของอาวุธ <color=#ff3911>300%</color>
Relic.Manual.43080	·<color=#f7e301>ความเสียหายสายฟ้า</color> <color=#ff3911>+75%</color>\\n·เพดานความเสียหาย <color=#f7e301><link=\\"9013\\">[ปั่นป่วน]</link></color> เพิ่มขึ้น <color=#ff3911>25%</color>\\n<color=#f7e301><link=\\"9021\\">[โอเวอร์โหลด]:</link></color><color=#f7e301><link=\\"9013\\">[ปั่นป่วน]</link></color> สร้างความเสียหายเท่าเพดานเสมอ
Relic.Manual.43081	·<color=#d6b85b>เมื่อใช้ท่าไม้ตาย:</color> เข้าสู่สถานะ <color=#f7e301><link=\\"9021\\">[โอเวอร์โหลด]</link></color> นาน 10 วินาที\\n·<color=#d6b85b>ระหว่างสถานะ</color> <color=#f7e301><link=\\"9021\\">[โอเวอร์โหลด]</link></color><color=#d6b85b>:</color> เมื่อยิง มี<color=#99b7bb><link=\\"9035\\">โอกาสปรับตัว</link></color> <color=#ff3911>80%</color> ที่จะปล่อย<color=#f7e301>สายฟ้าลูกโซ่</color> สร้าง<color=#f7e301>ความเสียหายแปรปรวนสายฟ้า</color> <color=#ff3911>500%</color> แก่เป้าหมายและทำให้ติด <color=#f7e301><link=\\"9013\\">[ปั่นป่วน]</link></color> <color=#f7e301>สายฟ้าลูกโซ่</color>เด้งได้สูงสุด 4 ครั้ง
Relic.Manual.43082	·<color=#d6b85b><link=\\"9031\\">[นัดแรก]</link></color>: เพิ่ม<color=#f7e301>ลูกศรสายฟ้า</color>ที่เจาะทะลุศัตรูตลอดแนว สร้าง<color=#f7e301>ความเสียหายสายฟ้า</color> <color=#ff3911>500% </color>ลูกกระสุนส่วนเพิ่มแต่ละลูกเพิ่ม<color=#f7e301>ความเสียหายสายฟ้า</color>อีก 120%\\n·ลูกศรสายฟ้านับเป็นความเสียหายกระสุน แปรปรวน และ<color=#a024ff>สกิลรบ</color>\\n·<color=#d6b85b>เมื่อเข้าสู่สถานะ <color=#f7e301><link=\\"9021\\">[โอเวอร์โหลด]</link></color>:</color> รีโหลดอาวุธทันที
Relic.Manual.43083	·<color=#f7e301>ความเสียหายสายฟ้า</color> <color=#ff3911>+100%</color>\\n·<color=#f7e301><link=\\"9021\\">[โอเวอร์โหลด]</link></color>: เอฟเฟกต์ <color=#f7e301><link=\\"9021\\">[โอเวอร์โหลด]</link></color> อื่นทั้งหมดและ<color=#f7e301>ความเสียหายสายฟ้า</color>เพิ่มเป็น <color=#ff3911>สองเท่า</color> (พาสซีฟเฉพาะ)
Relic.Manual.43084	·<color=#d6b85b>เมื่อใช้ท่าไม้ตาย:</color> คืนค่าท่าไม้ตาย <color=#ff3911>100%</color>\\n·<color=#d6b85b>เมื่อใช้ท่าไม้ตาย:</color> สายฟ้าจะห่อหุ้มคุณไว้ ไม่รับความเสียหายใดๆ นาน <color=#ff3911>3 วินาที</color>
Relic.Manual.43085	·<color=#d6b85b>เมื่อเกิด </color><color=#f7e301>[ปั่นป่วน]<link=\\"9013\\"></link>:</color> ฟื้น </color>2%<color=#ff3911> ของค่าท่าไม้ตาย</color>·\\nเมื่อใช้ท่าไม้ตาย:<color=#d6b85b> ปล่อย</color>วงสายฟ้า<color=#f7e301>เต้นเป็นจังหวะรอบตัว ขณะ</color>วงสายฟ้า<color=#f7e301>ขยายและหด จะสร้าง</color>1000%<color=#ff3911> ของ</color>ความเสียหายสายฟ้า<color=#f7e301>ของอาวุธแก่ศัตรูที่โดนและทำให้ติด </color><color=#f7e301>[ปั่นป่วน]<link=\\"9013\\"></link> </color>2 ครั้ง<color=#ff3911>.
Relic.Manual.43086	·อัตราคริติคอล <color=#ff3911>+35%</color>\\n·<color=#d6b85b><link=\\"9022\\">[แตกสลาย]</link></color>: รับ <color=#f44f06><link=\\"9023\\">[เถ้าเพลิง]</link></color> <color=#ff3911>4 ชั้น</color>ถาวร
Relic.Manual.43087	·<color=#d6b85b><link=\\"9032\\">[นัดสุดท้าย]</link></color>: <color=#99b7bb><link=\\"9035\\">โอกาสปรับตัว</link></color> 20% ที่จะยิง<color=#f44f06>กระสุนเพลิง</color>เพิ่ม 1 นัด ซึ่งเจาะทะลุศัตรูและสร้าง<color=#f44f06>ความเสียหายเพลิง</color> <color=#ff3911>250%</color>\\n·<color=#d6b85b><link=\\"9022\\">[แตกสลาย]</link></color>: รับ <color=#f44f06><link=\\"9023\\">[เถ้าเพลิง]</link></color> <color=#ff3911>4 ชั้น</color>ถาวร
Relic.Manual.43088	·<color=#d6b85b>เมื่อพกพา:</color> รับ <color=#f44f06><link=\\"9023\\">[เถ้าเพลิง]</link></color> <color=#ff3911>20 ชั้น</color>\\n·<color=#d6b85b><link=\\"9022\\">[แตกสลาย]</link></color>: รับ <color=#f44f06><link=\\"9023\\">[เถ้าเพลิง]</link></color> <color=#ff3911>4 ชั้น</color>ถาวร
Relic.Manual.43089	·ความเสียหายธาตุของอาวุธปัจจุบัน <color=#ff3911>+30%</color>\\n·<color=#d6b85b><link=\\"9022\\">[แตกสลาย]</link></color>: รับ <color=#f44f06><link=\\"9023\\">[เถ้าเพลิง]</link></color> <color=#ff3911>4 ชั้น</color>ถาวร
Relic.Manual.43090	·<color=#d6b85b><link=\\"9001\\">ออกเดินทาง:</link></color> รับ <color=#f44f06><link=\\"9023\\">[เถ้าเพลิง]</link></color> <color=#ff3911>2 ชั้น</color>\\n·<color=#d6b85b><link=\\"9022\\">[แตกสลาย]</link></color>: รับ <color=#f44f06><link=\\"9023\\">[เถ้าเพลิง]</link></color> <color=#ff3911>6 ชั้น</color>ถาวร
Relic.Manual.43091	·<color=#d6b85b>เมื่อสังหาร:</color> ระเบิดศัตรูตัวนั้น สาดเศษใส่ศัตรูที่ใกล้ที่สุด <color=#ff3911>5</color> ตัว ทำให้ติดแปรปรวนของอาวุธหลัก\\n·<color=#d6b85b><link=\\"9022\\">[แตกสลาย]</link></color>: รับ <color=#f44f06><link=\\"9023\\">[เถ้าเพลิง]</link></color> <color=#ff3911>6 ชั้น</color>ถาวร
Relic.Manual.43092	·<color=#d6b85b>เมื่อพกพา:</color> รับ <color=#f44f06><link=\\"9023\\">[เถ้าเพลิง]</link></color> <color=#ff3911>20 ชั้น</color>\\n·<color=#d6b85b>เมื่อมี <color=#f44f06><link=\\"9023\\">[เถ้าเพลิง]</link></color> 30 ชั้น:</color> <color=#d6b85b><link=\\"9022\\">[แตกสลาย]</link></color><color=#05b2ea>ระเบิดไวไฟ</color>ทันที และได้รับ<color=#bd30e7>หลอม·ระเบิดเทอร์ไมต์</color>\\n·<color=#d6b85b><link=\\"9022\\">[แตกสลาย]</link></color>：รับ <color=#f44f06><link=\\"9023\\">[เถ้าเพลิง]</link></color> <color=#ff3911>6 ชั้น</color>ถาวร
Relic.Manual.43093	·<color=#d6b85b>เมื่อแยก</color><color=#d6b85b> อาวุธหรือชิ้นส่วนอาวุธ:</color> รับ <color=#f44f06><link=\\"9023\\">[เถ้าเพลิง]</link></color> <color=#ff3911>7 ชั้น</color>ถาวร\\n·<color=#d6b85b><link=\\"9022\\">[แตกสลาย]</link></color>: รับ <color=#f44f06><link=\\"9023\\">[เถ้าเพลิง]</link></color> <color=#ff3911>6 ชั้น</color>ถาวร
Relic.Manual.43094	·<color=#f44f06>ความเสียหายเพลิง</color> <color=#ff3911>+50%</color>\\n·<color=#d6b85b><link=\\"9002\\">ปลายทาง:</link></color> อัตราคริติคอล +<color=#ff3911>5%</color> ถาวร\\n·<color=#d6b85b><link=\\"9022\\">[แตกสลาย]</link></color>: รับ <color=#f44f06><link=\\"9023\\">[เถ้าเพลิง]</link></color> <color=#ff3911>6 ชั้น</color>ถาวร
Relic.Manual.43095	·ลด<color=#a024ff>คูลดาวน์สกิลรบ</color> <color=#ff3911>2.5 วินาที</color>\\n·<color=#d6b85b>เมื่อใช้<color=#a024ff>สกิลรบ</color>:</color> ขว้าง<color=#f44f06>ระเบิดฟอสฟอรัสขาว</color>ใส่ศัตรูที่ใกล้ที่สุด สร้าง<color=#f44f06>ความเสียหายสกิลรบเพลิง</color> <color=#ff3911>250%</color>\\n·<color=#d6b85b><link=\\"9022\\">[แตกสลาย]</link></color>: รับ <color=#f44f06><link=\\"9023\\">[เถ้าเพลิง]</link></color> <color=#ff3911>6 ชั้น</color>ถาวร
Relic.Manual.43096	·<color=#d6b85b><link=\\"9001\\">ออกเดินทาง:</link></color> หลังเข้าสู่การต่อสู้ รับ <color=#f44f06><link=\\"9023\\">[เถ้าเพลิง]</link></color> ชั่วคราว <color=#ff3911>150</color> ชั้น แล้วเสีย <color=#f44f06><link=\\"9023\\">[เถ้าเพลิง]</link></color> ชั่วคราว <color=#ff3911>2</color> ชั้นต่อวินาทีจนถึง 0 และเสีย <color=#f44f06><link=\\"9023\\">[เถ้าเพลิง]</link></color> ชั่วคราวทั้งหมดหลังจบการต่อสู้\\n·<color=#d6b85b><link=\\"9022\\">[แตกสลาย]</link></color>: รับ <color=#f44f06><link=\\"9023\\">[เถ้าเพลิง]</link></color> <color=#ff3911>16 ชั้น</color>ถาวร
Relic.Manual.43097	·<color=#d6b85b>เมื่อพกพา:</color> รับ <color=#f44f06><link=\\"9023\\">[เถ้าเพลิง]</link></color> <color=#ff3911>50 ชั้น</color>\\n·ความเสียหาย <color=#f44f06><link=\\"9015\\">[ลุกไหม้]</link></color> +<color=#ff3911>120%</color> หาก <color=#f44f06><link=\\"9015\\">[ลุกไหม้]</link></color> โดนศัตรูเพียงตัวเดียว ความเสียหาย +<color=#ff3911>120%</color> เพิ่มอีก\\n·<color=#d6b85b><link=\\"9022\\">[แตกสลาย]</link></color>: รับ <color=#f44f06><link=\\"9023\\">[เถ้าเพลิง]</link></color> <color=#ff3911>16 ชั้น</color>ถาวร
Relic.Manual.43098	·<color=#d6b85b>เมื่อใช้<color=#a024ff>สกิลรบ</color>: </color>กระสุน <color=#ff3911>5</color> นัดถัดไปออกคริติคอลเสมอ และมีโอกาส <color=#ff3911>70%</color> กระตุ้น <color=#f44f06><link=\\"9015\\">[ลุกไหม้]</link></color> ทันที\\n·<color=#d6b85b><link=\\"9022\\">[แตกสลาย]</link></color>: รับ <color=#f44f06><link=\\"9023\\">[เถ้าเพลิง]</link></color> <color=#ff3911>16 ชั้น</color>ถาวร
Relic.Manual.43099	·<color=#f44f06>ความเสียหายเพลิง</color> <color=#ff3911>+50%</color>\\n·<color=#d6b85b>เมื่อพกพา:</color> รับ <color=#f44f06><link=\\"9023\\">[เถ้าเพลิง]</link></color> <color=#ff3911>50 ชั้น</color>\\n·<color=#d6b85b><link=\\"9022\\">[แตกสลาย]</link></color>: รับ <color=#f44f06><link=\\"9023\\">[เถ้าเพลิง]</link></color> <color=#ff3911>16 ชั้น</color>ถาวร
Relic.Manual.43100	·<color=#f44f06><link=\\"9015\\">[ลุกไหม้]</link></color> ออกคริติคอลได้ \\nเมื่อ <color=#f44f06><link=\\"9015\\">[ลุกไหม้]</link></color> ออกคริติคอล จะลด<color=#a024ff>คูลดาวน์สกิลรบ</color> <color=#ff3911>5 วินาที</color>\\n·<color=#d6b85b><link=\\"9022\\">[แตกสลาย]</link></color>: รับ <color=#f44f06><link=\\"9023\\">[เถ้าเพลิง]</link></color> <color=#ff3911>16 ชั้น</color>ถาวร
Relic.Manual.43101	·<color=#d6b85b>เมื่อพกพา:</color> รับ <color=#f44f06><link=\\"9023\\">[เถ้าเพลิง]</link></color> <color=#ff3911>25 ชั้น</color> โดย <color=#f44f06><link=\\"9023\\">[เถ้าเพลิง]</link></color> แต่ละชั้นเพิ่มอัตราสะสมท่าไม้ตาย <color=#ff3911>0.5%</color> และ<color=#f44f06>ความเสียหายเพลิง</color> <color=#ff3911>1%</color>\\n·<color=#d6b85b><link=\\"9022\\">[แตกสลาย]</link></color>：รับ <color=#f44f06><link=\\"9023\\">[เถ้าเพลิง]</link></color> <color=#ff3911>16 ชั้น</color>ถาวร
Relic.Manual.43102	·<color=#d6b85b>เมื่อพกพา:</color> รับ <color=#f44f06><link=\\"9023\\">[เถ้าเพลิง]</link></color> <color=#ff3911>40 ชั้น</color>\\n·<color=#f44f06><link=\\"9023\\">[เถ้าเพลิง]</link></color> ทั้งหมดของคุณกลายเป็น <color=#f44f06>[เพลิงต้องสาป]</color> แต่ละชั้นเพิ่มความเสียหายสุดท้าย <color=#ff3911>2%</color> และความเสียหายที่ได้รับ 0.1% (<color=#f44f06>เพลิงต้องสาป</color> ยังนับเป็น <color=#f44f06>เถ้าเพลิง</color>)\\n·<color=#d6b85b><link=\\"9022\\">[แตกสลาย]</link></color>: รับ <color=#f44f06><link=\\"9023\\">[เถ้าเพลิง]</link></color> <color=#ff3911>30 ชั้น</color>ถาวร
Relic.Manual.43103	·<color=#d6b85b><link=\\"9001\\">ออกเดินทาง:</link></color> อัตราคริติคอลและความเสียหายคริติคอล +<color=#ff3911>12%</color> ถาวร\\n·<color=#d6b85b>เมื่อรับความเสียหายถึงตาย: </color>ฟื้นพลังชีวิต <color=#ff3911>100%</color> สังหารศัตรูที่ไม่ใช่บอสทั้งหมดในระยะ 1000 หลาทันที ลดพลังชีวิตสูงสุดของบอส <color=#ff3911>50%</color> แล้ว<color=#d6b85b>แยกชิ้นส่วน</color>เรลิคนี้อัตโนมัติ\\n·<color=#d6b85b><link=\\"9022\\">[แตกสลาย]</link></color>: รับ <color=#f44f06><link=\\"9023\\">[เถ้าเพลิง]</link></color> <color=#ff3911>30 ชั้น</color>ถาวร
Relic.Manual.43104	·<color=#d6b85b>เมื่อพกพา:</color> รับ <color=#f44f06><link=\\"9023\\">[เถ้าเพลิง]</link></color> <color=#ff3911>200 ชั้น</color>\\n·ขีดจำกัด <color=#f44f06><link=\\"9023\\">[เถ้าเพลิง]</link></color> +<color=#ff3911>2000</color>\\n·<color=#d6b85b><link=\\"9002\\">ปลายทาง:</link></color> รับ <color=#f44f06><link=\\"9023\\">[เถ้าเพลิง]</link></color> เท่ากับ <color=#ff3911>10%</color> ของ <color=#f44f06><link=\\"9023\\">[เถ้าเพลิง]</link></color> ที่มีอยู่\\n·<color=#d6b85b><link=\\"9022\\">[แตกสลาย]</link></color>: รับ <color=#f44f06><link=\\"9023\\">[เถ้าเพลิง]</link></color> <color=#ff3911>60 ชั้น</color>ถาวร
Relic.Manual.43105	·<color=#d6b85b>เมื่อพกพา:</color> รับ <color=#f44f06><link=\\"9023\\">[เถ้าเพลิง]</link></color> <color=#ff3911>40 ชั้น</color>\\n·<color=#f44f06><link=\\"9015\\">[ลุกไหม้]</link></color> ของคุณกลายเป็น <color=#f44f06>[วงเพลิงระเบิด]</color> โดย <color=#f44f06><link=\\"9023\\">[เถ้าเพลิง]</link></color> แต่ละชั้นเพิ่มความเสียหายสุดท้ายของ <color=#f44f06><link=\\"9015\\">[ลุกไหม้]</link></color> <color=#ff3911>6%</color> และระยะความเสียหาย <color=#ff3911>6%</color>\\n·<color=#d6b85b><link=\\"9022\\">[แตกสลาย]</link></color>：รับ <color=#f44f06><link=\\"9023\\">[เถ้าเพลิง]</link></color> <color=#ff3911>30 ชั้น</color>ถาวร
Relic.Manual.43106	·<color=#d6b85b>เมื่อพกพา:</color> รับ <color=#f44f06><link=\\"9023\\">[เถ้าเพลิง]</link></color> <color=#ff3911>40 ชั้น</color>\\n·<color=#f44f06><link=\\"9015\\">[ลุกไหม้]</link></color> ถูกกระตุ้นเพิ่มอีก <color=#ff3911>2 ครั้ง</color>\\n·<color=#d6b85b>เมื่อมี <color=#f44f06><link=\\"9023\\">[เถ้าเพลิง]</link></color> 50 ชั้น:</color><color=#f44f06><link=\\"9015\\"> [ลุกไหม้]</link></color> จะทำให้ติด <color=#f44f06>[เกราะหลอมเหลว]</color> เมื่อสร้างความเสียหาย ลดความต้านทานทั้งหมด <color=#ff3911>50%</color> นาน 1 วินาที\\n·<color=#d6b85b>เมื่อมี <color=#f44f06><link=\\"9023\\">[เถ้าเพลิง]</link></color> 100 ชั้น:</color><color=#f44f06><link=\\"9015\\"> [ลุกไหม้]</link></color> ถูกกระตุ้นเพิ่มอีก 3 ครั้ง และ <color=#f44f06>[เกราะหลอมเหลว]</color> ซ้อนได้สูงสุด <color=#ff3911>3 ชั้น</color>\\n·<color=#d6b85b><link=\\"9022\\">[แตกสลาย]</link></color>：รับ <color=#f44f06><link=\\"9023\\">[เถ้าเพลิง]</link></color> <color=#ff3911>30 ชั้น</color>ถาวร
Relic.Manual.43107	·<color=#d6b85b>เมื่อพกพา:</color> รับ <color=#3dda4f><link=\\"9024\\">[เติบโต]</link></color> <color=#ff3911>20 ชั้น</color>\\n·<color=#d6b85b><link=\\"9022\\">[แตกสลาย]</link></color>: รับ <color=#3dda4f><link=\\"9024\\">[เติบโต]</link></color> <color=#ff3911>4 ชั้น</color>ถาวร
Relic.Manual.43108	·เมื่อแยกชิ้นส่วนเรลิคนี้ จะได้รับเรลิคสุ่ม 3 ชิ้น\\n·<color=#d6b85b><link=\\"9022\\">[แตกสลาย]</link></color>：รับ <color=#3dda4f><link=\\"9024\\">[เติบโต]</link></color> <color=#ff3911>4 ชั้น</color>ถาวร
Relic.Manual.43109	·<color=#d6b85b><link=\\"9002\\">ปลายทาง:</link></color> ฟื้นพลังชีวิตที่เสียไป <color=#ff3911>25%</color>\\n·<color=#d6b85b><link=\\"9022\\">[แตกสลาย]</link></color>: รับ <color=#3dda4f><link=\\"9024\\">[เติบโต]</link></color> <color=#ff3911>4 ชั้น</color>ถาวร
Relic.Manual.43110	·<color=#d6b85b>เมื่อเกิด<link=\\"9033\\">แปรปรวน</link>:</color> สร้าง<color=#3dda4f>ความเสียหายกรด</color> <color=#ff3911>100%</color> แก่ศัตรูที่อยู่ใกล้\\n·<color=#d6b85b><link=\\"9022\\">[แตกสลาย]</link></color>：รับ <color=#3dda4f><link=\\"9024\\">[เติบโต]</link></color> <color=#ff3911>4 ชั้น</color>ถาวร
Relic.Manual.43111	·<color=#d6b85b>เมื่อแยกชิ้นส่วน</color><color=#d6b85b> เรลิค:</color> รับ <color=#3dda4f><link=\\"9024\\">[เติบโต]</link></color> <color=#ff3911>3 ชั้น</color>ถาวร\\n·<color=#d6b85b><link=\\"9022\\">[แตกสลาย]</link></color>: รับ <color=#3dda4f><link=\\"9024\\">[เติบโต]</link></color> <color=#ff3911>6 ชั้น</color>ถาวร
Relic.Manual.43112	·<color=#d6b85b><link=\\"9001\\">ออกเดินทาง:</link></color> รับ 10 เหรียญ\\n·เมื่อแยกชิ้นส่วนเรลิคนี้ จะได้รับเรลิคสุ่ม 3 ชิ้นตามธาตุของอาวุธหลัก\\n·<color=#d6b85b><link=\\"9022\\">[แตกสลาย]</link></color>：รับ <color=#3dda4f><link=\\"9024\\">[เติบโต]</link></color> 6 ชั้นถาวร
Relic.Manual.43113	·<color=#d6b85b><link=\\"9001\\">ออกเดินทาง:</link></color> รับ <color=#3dda4f><link=\\"9024\\">[เติบโต]</link></color> <color=#ff3911>3 ชั้น</color>ถาวร\\n·<color=#d6b85b><link=\\"9022\\">[แตกสลาย]</link></color>: รับ <color=#3dda4f><link=\\"9024\\">[เติบโต]</link></color> <color=#ff3911>6 ชั้น</color>ถาวร
Relic.Manual.43114	·<color=#d6b85b>เมื่อยิง:</color> <color=#99b7bb><link=\\"9035\\">โอกาสปรับตัว</link></color> <color=#ff3911>40%</color> ที่จะยิง<color=#3dda4f>ลูกปัดเลือด</color> 5 ลูกที่ตามศัตรูที่ใกล้ที่สุดอัตโนมัติ แต่ละลูกสร้าง<color=#3dda4f>ความเสียหายกรด</color> <color=#ff3911>150%</color> <color=#3dda4f>ลูกปัดเลือด</color>นับเป็นความเสียหายกระสุนด้วย\\n·<color=#d6b85b><link=\\"9022\\">[แตกสลาย]</link></color>: รับ <color=#3dda4f><link=\\"9024\\">[เติบโต]</link></color> 6 ชั้นถาวร
Relic.Manual.43115	·พลังโจมตีกระสุน +<color=#ff3911>220%</color> และทุก 1% ของพลังชีวิตสูงสุดที่เสียไป เอฟเฟกต์นี้ -1%\\n·<color=#d6b85b><link=\\"9022\\">[แตกสลาย]</link></color>: รับ <color=#3dda4f><link=\\"9024\\">[เติบโต]</link></color> <color=#ff3911>6 ชั้น</color>ถาวร
Relic.Manual.43116	·<color=#3dda4f>ความเสียหายกรด</color> <color=#ff3911>+50%</color>\\n·เมล็ดของ<color=#d77d3a>[ดอกไม้แห่งชีวิต]</color> เมื่อมี <color=#3dda4f><link=\\"9024\\">[เติบโต]</link></color> 80 ชั้น <color=#05b2ea>[เมล็ดแห่งชีวิต]</color> จะเติบโตเป็น <color=#d77d3a>[ดอกไม้แห่งชีวิต]</color>\\n·<color=#d6b85b><link=\\"9022\\">[แตกสลาย]</link></color>: รับ <color=#3dda4f><link=\\"9024\\">[เติบโต]</link></color> <color=#ff3911>6 ชั้น</color>ถาวร
Relic.Manual.43117	·<color=#d6b85b>เมื่อแยกชิ้นส่วน</color><color=#d6b85b> เรลิค:</color><color=#3dda4f> ความเสียหายกรด</color> +<color=#ff3911>2.5%</color> ถาวร เอฟเฟกต์นี้คูณสามหากเป็น<color=#3dda4f>เรลิคกรด</color>\\n·<color=#d6b85b>เมื่อใช้ท่าไม้ตาย:</color> เรียก<color=#3dda4f>เถาวัลย์</color>มารัดศัตรู <color=#d6b85b>ตรึงอยู่กับที่</color>นาน 2 วินาที และสร้าง<color=#3dda4f>ความเสียหายกรด</color> <color=#ff3911>500%</color>\\n·<color=#d6b85b><link=\\"9022\\">[แตกสลาย]</link></color>: รับ <color=#3dda4f><link=\\"9024\\">[เติบโต]</link></color> <color=#ff3911>16 ชั้น</color>ถาวร
Relic.Manual.43118	·<color=#d6b85b>เมื่อพกพา:</color> รับ <color=#3dda4f><link=\\"9024\\">[เติบโต]</link></color> <color=#ff3911>25 ชั้น</color>\\n·<color=#3dda4f><link=\\"9024\\">[เติบโต]</link></color> แต่ละชั้นให้<color=#3dda4f>ความเสียหายกรด</color> <color=#ff3911>0.7%</color> เอฟเฟกต์นี้คูณสองเมื่อพลังชีวิตเต็ม\\n·<color=#d6b85b><link=\\"9022\\">[แตกสลาย]</link></color>: รับ <color=#3dda4f><link=\\"9024\\">[เติบโต]</link></color> <color=#ff3911>16 ชั้น</color>ถาวร
Relic.Manual.43119	·<color=#d6b85b>เมื่อพลังชีวิตเต็ม:</color> ลูกกระสุน <color=#ff3911>+4</color>\\n·หากพลังชีวิตปัจจุบันเกิน 100 จะนับว่าพลังชีวิตเต็ม\\n·<color=#d6b85b><link=\\"9022\\">[แตกสลาย]</link></color>: รับ <color=#3dda4f><link=\\"9024\\">[เติบโต]</link></color> <color=#ff3911>16 ชั้น</color>ถาวร
Relic.Manual.43120	·<color=#d6b85b>เมื่อศัตรูที่ติด</color><color=#3dda4f><link=\\"9014\\"> [กัดกร่อน]</link></color><color=#d6b85b> ตาย: </color>สร้าง<color=#3dda4f>ระเบิดกรด</color>ที่สร้าง<color=#3dda4f>ความเสียหายกรด</color> <color=#ff3911>125%</color> แก่ศัตรูที่อยู่ใกล้และกระตุ้น <color=#3dda4f><link=\\"9014\\">[กัดกร่อน]</link></color>\\n·<color=#3dda4f><link=\\"9024\\">[เติบโต]</link></color> แต่ละชั้นเพิ่มความเสียหายนี้ <color=#ff3911>8%</color>\\n·<color=#d6b85b><link=\\"9022\\">[แตกสลาย]</link></color>: รับ <color=#3dda4f><link=\\"9024\\">[เติบโต]</link></color> <color=#ff3911>16 ชั้น</color>ถาวร
Relic.Manual.43121	·<color=#3dda4f><link=\\"9014\\">[กัดกร่อน]</link></color> ซ้อนได้เพิ่มอีก <color=#ff3911>2 ชั้น</color>\\n·<color=#3dda4f><link=\\"9024\\">[เติบโต]</link></color> ทุก 30 ชั้นเพิ่มจำนวนชั้นที่ซ้อนได้ของ <color=#3dda4f><link=\\"9014\\">[กัดกร่อน]</link></color> อีก <color=#ff3911>2</color>\\n·<color=#d6b85b><link=\\"9022\\">[แตกสลาย]</link></color>: รับ <color=#3dda4f><link=\\"9024\\">[เติบโต]</link></color> <color=#ff3911>16 ชั้น</color>ถาวร
Relic.Manual.43122	·<color=#3dda4f>ความเสียหายกรด</color><color=#ff3911>+75%</color>\\n·<color=#d6b85b><link=\\"9002\\">ปลายทาง:</link></color> ฟื้นค่าท่าไม้ตาย <color=#ff3911>50%</color> <color=#3dda4f><link=\\"9024\\">[เติบโต]</link></color> ทุกชั้นฟื้นค่าท่าไม้ตายเพิ่มอีก <color=#ff3911>0.5%</color> \\n<color=#d6b85b><link=\\"9022\\">[แตกสลาย]</link></color>: รับ <color=#3dda4f><link=\\"9024\\">[เติบโต]</link></color> <color=#ff3911>16 ชั้น</color>ถาวร
Relic.Manual.43123	·<color=#d6b85b>เมื่อพกพา:</color> รับ <color=#3dda4f><link=\\"9024\\">[เติบโต]</link></color> <color=#ff3911>200 ชั้น</color>\\n·ขีดจำกัด <color=#3dda4f><link=\\"9024\\">[เติบโต]</link></color> +<color=#ff3911>2000</color>\\n·<color=#d6b85b><link=\\"9002\\">ปลายทาง:</link></color> รับ <color=#3dda4f><link=\\"9024\\">[เติบโต]</link></color> เท่ากับ <color=#ff3911>10%</color> ของจำนวนชั้น <color=#3dda4f><link=\\"9024\\">[เติบโต] </link></color>ที่มีอยู่\\n.·<color=#d6b85b><link=\\"9022\\">[แตกสลาย]</link></color>: รับ <color=#3dda4f><link=\\"9024\\">[เติบโต]</link></color> <color=#ff3911>60 ชั้น</color>ถาวร
Relic.Manual.43124	·<color=#d6b85b>เมื่อพกพา:</color> รับ <color=#3dda4f><link=\\"9024\\">[เติบโต]</link></color> <color=#ff3911>50 ชั้น</color>\\n·<color=#d6b85b>การแยกชิ้นส่วน</color>เรลิคอื่นมีโอกาส <color=#ff3911>30%</color> ที่จะได้เรลิคนั้นคืน\\n·<color=#3dda4f><link=\\"9024\\">[เติบโต]</link></color> ทุก 10 ชั้นเพิ่มโอกาสนี้ <color=#ff3911>1.5%</color> สูงสุด <color=#ff3911>20%</color>\\n·<color=#d6b85b><link=\\"9022\\">[แตกสลาย]</link></color>: รับ <color=#3dda4f><link=\\"9024\\">[เติบโต]</link></color> <color=#ff3911>30 ชั้น</color>ถาวร
Relic.Manual.43125	·<color=#d6b85b>เมื่อพกพา:</color> รับ <color=#3dda4f><link=\\"9024\\">[เติบโต]</link></color> <color=#ff3911>40 ชั้น</color>·\\n<color=#d6b85b>เมื่อเกิด<link=\\"9033\\">แปรปรวน</link>:</color> สร้าง<color=#3dda4f>ความเสียหายกรด</color>เพิ่มแก่เป้าหมายเท่ากับจำนวนชั้น <color=#3dda4f><link=\\"9024\\">[เติบโต]</link></color> * <color=#ff3911>5%</color> ของความเสียหายอาวุธ\\n <color=#d6b85b><link=\\"9022\\">[แตกสลาย]</link></color>: รับ <color=#3dda4f><link=\\"9024\\">[เติบโต]</link></color> <color=#ff3911>30 ชั้น</color>ถาวร
Relic.Manual.43126	·<color=#3dda4f><link=\\"9014\\">[กัดกร่อน]</link></color> จะทำให้ศัตรู<color=#3dda4f>ติดพิษ</color> สร้าง<color=#3dda4f>ความเสียหายกรด</color> <color=#ff3911>75%</color> ต่อวินาที\\n·<color=#3dda4f><link=\\"9024\\">[เติบโต]</link></color> แต่ละชั้นเพิ่มความเสียหายสุดท้ายของ<color=#3dda4f>ติดพิษ</color> <color=#ff3911>5%</color>\\n·<color=#d6b85b><link=\\"9022\\">[แตกสลาย]</link></color>: รับ [เติบโต] <color=#ff3911>30 ชั้น</color>ถาวร
Relic.Manual.43127	·<color=#d6b85b>เมื่อทำให้ศัตรูที่ติด</color> <color=#3dda4f><link=\\"9014\\">[กัดกร่อน]</link></color><color=#d6b85b> ติด </color><color=#3dda4f><link=\\"9014\\">[กัดกร่อน]</link></color><color=#d6b85b> ซ้ำ:</color> สร้าง<color=#3dda4f>ความเสียหายกรด</color>เพิ่ม <color=#ff3911>250%</color>\\n·<color=#d6b85b>เมื่อใช้ท่าไม้ตาย:</color> เรียก<color=#3dda4f>ฝนกรด</color>ลงทั่วด่านนาน 3 วินาที ทำให้ศัตรูทุกตัวติด <color=#3dda4f><link=\\"9014\\">[กัดกร่อน]</link></color> ทุก <color=#ff3911>0.5</color> วินาที\\n·<color=#d6b85b><link=\\"9022\\">[แตกสลาย]</link></color>: รับ <color=#3dda4f><link=\\"9024\\">[เติบโต]</link></color> <color=#ff3911>30</color> ชั้นถาวร
Relic.Manual.43128	·<color=#3dda4f><link=\\"9024\\">[เติบโต]</link></color> ทั้งหมดของคุณกลายเป็น <color=#3dda4f>[เบ่งบาน]</color> แต่ละชั้นเพิ่มพลังโจมตีกระสุน <color=#ff3911>2%</color> เอฟเฟกต์จากเรลิคชื่อเดียวกันไม่สะสมกัน (พาสซีฟเฉพาะ; <color=#3dda4f>เบ่งบาน</color> ยังนับเป็น <color=#3dda4f>เติบโต</color>)\\n·<color=#d6b85b>เมื่อใช้ท่าไม้ตาย:</color> เรียก<color=#3dda4f>ดอกไม้แห่งชีวิต</color>มาร่วมรบนาน 10 วินาที ทุกวินาที <color=#3dda4f>ดอกไม้แห่งชีวิต</color>จะยิงหนามเจาะทะลุ 1 ครั้ง สร้าง<color=#3dda4f>ความเสียหายกรด</color>แก่ศัตรูเท่ากับจำนวนชั้น <color=#3dda4f>[เบ่งบาน]</color> * <color=#ff3911>2.5%</color> ความเสียหายจาก<color=#3dda4f>ดอกไม้แห่งชีวิต</color>นับเป็นความเสียหายกระสุนด้วย
Relic.Manual.43129	·ความเร็วเคลื่อนที่และระยะหลบ <color=#ff3911>+40%</color>
Relic.Manual.43130	·ความเสียหายแปรปรวน <color=#ff3911>+75%</color>
Relic.Manual.43131	·พลังโจมตีกระสุน <color=#ff3911>+75%</color>
Relic.Manual.43132	·เรลิคที่ไม่ใช่ระดับตำนานแต่ละชิ้นที่มีเพิ่ม<color=#a024ff>ความเสียหายสกิลรบ</color> <color=#ff3911>20%</color>
Relic.Manual.43133	·<color=#a024ff>ความเสียหายสกิลรบ</color> <color=#ff3911>+150%</color>
Relic.Manual.43134	·<color=#d6b85b>หลังใช้<color=#a024ff>สกิลรบ</color>:</color> ยิง<color=#d6b85b>กระสุนฟอสฟอรัส</color>ใส่ศัตรูที่ใกล้ที่สุด สร้าง<color=#a024ff>ความเสียหายสกิลรบ</color>ธาตุของอาวุธหลัก <color=#ff3911>200%</color> ทุก 1 วินาทีของคูลดาวน์<color=#a024ff>สกิลรบ</color>ที่เหลืออยู่ ความเสียหาย<color=#d6b85b>กระสุนฟอสฟอรัส</color>จะคูณสอง
Relic.Manual.43135	·<color=#d6b85b>หลังใช้<color=#a024ff>สกิลรบ</color>:</color> นัดถัดไปจะยิง<color=#d6b85b>ลูกศรแสง</color>เพิ่ม สร้าง<color=#a024ff>ความเสียหายสกิลรบ</color>ธาตุของอาวุธหลัก <color=#ff3911>500%</color>
Relic.Manual.43136	·<color=#d6b85b>เมื่อศัตรูตาย:</color> ลด<color=#a024ff>คูลดาวน์สกิลรบ</color> <color=#ff3911>2.5</color> วินาทีทันที
Relic.Manual.43137	·<color=#ff3911>+4</color> ลูกกระสุน
Relic.Manual.43138	·<color=#d6b85b><link=\\"9001\\">ออกเดินทาง:</link></color> <color=#a024ff>ความเสียหายสกิลรบ</color> +7% ถาวร\\n·<color=#d6b85b><link=\\"9002\\">ปลายทาง:</link></color> <color=#a024ff>ความเสียหายสกิลรบ</color> +7% ถาวร
Relic.Manual.43139	·<color=#d6b85b>เมื่อยิง:</color> อาบกระสุนด้วย<color=#d6b85b>แสงดาวปริซึม</color>เพื่อปะทะศัตรู สร้าง<color=#fff8cb>ความเสียหายจริง</color>เพิ่มเท่ากับ <color=#ff3911>100%</color> ของพลังโจมตีกระสุน ความเสียหายนี้นับเป็น<color=#a024ff>ความเสียหายสกิลรบ</color>ด้วย
Relic.Manual.43140	·<color=#d6b85b>เมื่อใช้ท่าไม้ตาย:</color> เรียก<color=#d6b85b>ปริซึมไร้สี</color>มาติดตามคุณ ซึ่งจะยิงเลเซอร์ใส่ศัตรูที่ใกล้ที่สุด 1 ครั้งต่อวินาที สร้าง<color=#fff8cb>ความเสียหายจริง</color> 50% โดยได้รับผลจากโบนัสความเสียหายสกิลรบและโบนัสลูกกระสุน ปริซึมไร้สีอยู่ได้ 6 วินาทีและมีได้ครั้งละ 1 อันเท่านั้น
Relic.Manual.43141	·<color=#a024ff>ความเสียหายสกิลรบ</color> +100%\\n·<color=#d6b85b>เมื่อใช้<color=#a024ff>สกิลรบ</color>:</color> ยิง<color=#d6b85b>กระสุนสังหาร</color>แบบเจาะทะลุ สร้างความเสียหายเท่ากับ 1000% ของความเสียหายอาวุธปัจจุบันในรูปความเสียหายธาตุ <color=#d6b85b>กระสุนสังหาร</color>นับเป็น<color=#a024ff>ความเสียหายสกิลรบ</color>และความเสียหายกระสุนด้วย
Relic.Manual.43142	·ความเสียหายอาวุธเบา +40%\\n·อัตราคริติคอลอาวุธเบา +10%
Relic.Manual.43143	·อัตรายิง +60%\\n·<color=#d6b85b>เมื่อยิง:</color> <color=#ff3911>40%</color><color=#99b7bb><link=\\"9035\\"> โอกาสปรับตัว</link></color> ที่จะลดคูลดาวน์<color=#a024ff>สกิลรบ</color> <color=#ff3911>2 วินาที</color>ทันที
Relic.Manual.43144	·<color=#d6b85b>เมื่อยิง:</color> <color=#99b7bb><link=\\"9035\\">โอกาสปรับตัว</link></color> <color=#ff3911>30%</color> ที่จะเติมกระสุน 1 นัดและเพิ่มความเสียหายของนัดถัดไป <color=#ff3911>1100%</color>
Relic.Manual.43145	·<color=#d6b85b><link=\\"9001\\">ออกเดินทาง</link> เมื่อสังหาร:</color> พลังโจมตีของนัดถัดไป +<color=#ff3911>600%</color>
Relic.Manual.43146	·พลังโจมตีกระสุน <color=#ff3911>+150%</color>\\n·อัตรายิง <color=#ff3911>+50%</color>\\n·ความเร็วรีโหลด <color=#ff3911>+50%</color>\\n·โบนัสข้างต้นถูกปิดนาน 5 วินาทีหลังคุณได้รับความเสียหาย
Relic.Manual.43147	·<color=#a024ff>ความเสียหายสกิลรบ</color><color=#ff3911> +125%</color>\\n·สกิลรบออกคริติคอลเสมอต่อศัตรูที่พลังชีวิตต่ำกว่า <color=#ff3911>60%</color>
Relic.Manual.43148	·<color=#a024ff>ความเสียหายสกิลรบ</color><color=#ff3911> +700%</color>\\n·<color=#a024ff>คูลดาวน์สกิลรบ</color> <color=#ff3911>+100%</color>\\n·<color=#d6b85b>เมื่อยิง:</color> ยิง<color=#d6b85b>ระเบิดเวท</color> สร้าง<color=#a024ff>ความเสียหายสกิลรบ</color>ธาตุของอาวุธหลักแบบวงกว้าง <color=#ff3911>250%</color> (ทำงานได้สูงสุด 1 ครั้งทุก 4 วินาที)
Relic.Manual.43149	·<color=#a024ff>ความเสียหายสกิลรบ</color><color=#ff3911> +250%</color>\\n·<color=#d6b85b>เมื่อใช้<color=#a024ff>สกิลรบ</color>: </color>มีโอกาส <color=#ff3911>66%</color> รีเซ็ตคูลดาวน์
Relic.Manual.43150	·<color=#a024ff>ความเสียหายสกิลรบ</color><color=#ff3911> +250%</color>\\n·20% ของ<color=#a024ff>ความเสียหายสกิลรบ</color>แปลงเป็นความเสียหายสุดท้าย
Relic.Manual.43151	·<color=#d6b85b>เมื่อแยกชิ้นส่วน:</color> รับเหรียญเท่ากับ 5 เท่าของจำนวนเหรียญที่มีอยู่
Relic.Manual.43152	·<color=#d6b85b>เมื่อยิง:</color> <color=#99b7bb><link=\\"9035\\">โอกาสปรับตัว</link></color> 80% ที่จะยิง<color=#d6b85b>คลื่นเวทมนตร์</color>ที่เจาะทะลุศัตรูทุกตัวตลอดแนวและสร้าง<color=#a024ff>ความเสียหายสกิลรบ</color>ธาตุของอาวุธหลัก <color=#ff3911>250%</color>
Relic.Manual.43153	·<color=#d6b85b>เมื่อเริ่มการต่อสู้:</color> การใช้<color=#a024ff>สกิลรบ</color>แต่ละครั้งเพิ่ม<color=#a024ff>ความเสียหายสกิลรบ</color> <color=#ff3911>35%</color> ซ้อนได้สูงสุด 5 ชั้น หายไปเมื่อจบการต่อสู้\\n·<color=#d6b85b>เมื่อซ้อนเต็ม:</color> การใช้<color=#a024ff>สกิลรบ</color> <color=#ff3911>5 </color>ครั้งถัดไปไม่เข้าคูลดาวน์
Relic.Manual.43154	·<color=#d6b85b>เมื่อเริ่มการต่อสู้:</color> การยิงมี<color=#99b7bb><link=\\"9035\\">โอกาสปรับตัว</link></color> 80% ที่จะเพิ่มพลังโจมตีกระสุน <color=#ff3911>35%</color> ซ้อนได้สูงสุด 5 ชั้น หายไปหลังการต่อสู้\\n·<color=#d6b85b>เมื่อซ้อนเต็ม:</color> อาวุธไม่กระจายอีกต่อไป
Relic.Manual.43155	·ทุก 5 วินาที นัดถัดไปจะทำเครื่องหมายศัตรู เพิ่มความเสียหายกระสุนที่ทำต่อศัตรูตัวนั้น <color=#ff3911>240%</color> นาน 5 วินาที
Relic.Manual.43157	·<color=#d6b85b>เมื่อสร้างความเสียหาย:</color> มีโอกาส <color=#ff3911>10%</color> ทำให้ติด <color=#3dda4f><link=\\"9014\\">[กัดกร่อน]</link></color>, <color=#f7e301><link=\\"9013\\">[ปั่นป่วน]</link></color>, <color=#11f7ef><link=\\"9012\\">[แช่แข็ง]</link></color>, <color=#f44f06><link=\\"9015\\">[ลุกไหม้]</link></color> และ <color=#e92f2f><link=\\"9011\\">[เลือดออก]</link></color> ตามลำดับ\\n·เมื่อมีทั้ง <color=#d77d3a>[หลอม·คริสตัลห้าสี]</color> และ <color=#d77d3a>[หลอม·แหวนห้าสี]</color> ทั้งสองจะรวมเป็น <color=#ff4b9a>[หลอม·แหวนห้าสีสูงสุด]</color>
Relic.Manual.43158	·ความเสียหายแปรปรวน +300%\\n·<color=#d6b85b>เมื่อเกิด <color=#e92f2f><link=\\"9011\\">[เลือดออก]</link></color>: </color>มีโอกาส <color=#ff3911>15%</color> กระตุ้น <color=#11f7ef><link=\\"9012\\">[แช่แข็ง]</link></color>\\n·<color=#d6b85b>เมื่อเกิด <color=#11f7ef><link=\\"9012\\">[แช่แข็ง]</link></color>: </color>มีโอกาส <color=#ff3911>15%</color> กระตุ้น <color=#f44f06><link=\\"9015\\">[ลุกไหม้]</link></color>\\n·<color=#d6b85b>เมื่อเกิด <color=#f44f06><link=\\"9015\\">[ลุกไหม้]</link></color>: </color>มีโอกาส <color=#ff3911>15%</color> กระตุ้น <color=#3dda4f><link=\\"9014\\">[กัดกร่อน]</link></color>\\n·<color=#d6b85b>เมื่อเกิด <color=#3dda4f><link=\\"9014\\">[กัดกร่อน]</link></color>: </color>มีโอกาส <color=#ff3911>15%</color> กระตุ้น <color=#f7e301><link=\\"9013\\">[ปั่นป่วน]</link></color>\\n·<color=#d6b85b>เมื่อเกิด <color=#f7e301><link=\\"9013\\">[ปั่นป่วน]</link></color>: </color>มีโอกาส <color=#ff3911>15%</color> กระตุ้น <color=#e92f2f><link=\\"9011\\">[เลือดออก]</link></color>\\n·เมื่อมีทั้ง <color=#d77d3a>[หลอม·คริสตัลห้าสี]</color> และ <color=#d77d3a>[หลอม·แหวนห้าสี]</color> ทั้งสองจะรวมเป็น <color=#ff4b9a>[หลอม·แหวนห้าสีสูงสุด]</color>
Relic.Manual.43159	·ความเสียหายแปรปรวน +300%\\n·<color=#d6b85b>เมื่อสร้างความเสียหาย:</color> มีโอกาส <color=#ff3911>10%</color> ทำให้ติด <color=#3dda4f><link=\\"9014\\">[กัดกร่อน]</link></color>, <color=#f7e301><link=\\"9013\\">[ปั่นป่วน]</link></color>, <color=#11f7ef><link=\\"9012\\">[แช่แข็ง]</link></color>, <color=#f44f06><link=\\"9015\\">[ลุกไหม้]</link></color> และ <color=#e92f2f><link=\\"9011\\">[เลือดออก]</link></color> ตามลำดับ\\n·<color=#d6b85b>เมื่อเกิด <color=#e92f2f><link=\\"9011\\">[เลือดออก]</link></color>: </color>มีโอกาส <color=#ff3911>15%</color> กระตุ้น <color=#11f7ef><link=\\"9012\\">[แช่แข็ง]</link></color>\\n·<color=#d6b85b>เมื่อเกิด <color=#11f7ef><link=\\"9012\\">[แช่แข็ง]</link></color>: </color>มีโอกาส <color=#ff3911>15%</color> กระตุ้น <color=#f44f06><link=\\"9015\\">[ลุกไหม้]</link></color>\\n·<color=#d6b85b>เมื่อเกิด <color=#f44f06><link=\\"9015\\">[ลุกไหม้]</link></color>: </color>มีโอกาส <color=#ff3911>15%</color> กระตุ้น <color=#3dda4f><link=\\"9014\\">[กัดกร่อน]</link></color>\\n·<color=#d6b85b>เมื่อเกิด <color=#3dda4f><link=\\"9014\\">[กัดกร่อน]</link></color>: </color>มีโอกาส <color=#ff3911>15%</color> กระตุ้น <color=#f7e301><link=\\"9013\\">[ปั่นป่วน]</link></color>\\n·<color=#d6b85b>เมื่อเกิด <color=#f7e301><link=\\"9013\\">[ปั่นป่วน]</link></color>: </color>มีโอกาส <color=#ff3911>15%</color> กระตุ้น <color=#e92f2f><link=\\"9011\\">[เลือดออก]</link></color>\\n·<color=#d6b85b>เมื่อสร้างความเสียหาย:</color> สร้าง<color=#fff8cb>ความเสียหายจริง</color> <color=#ff3911>250%</color> แก่เป้าหมาย
Relic.Manual.43160	·<color=#d6b85b>เมื่อยิง:</color> <color=#99b7bb><link=\\"9035\\">โอกาสปรับตัว</link></color> 80% ที่จะยิงใบเลื่อย <color=#ff3911>2</color> ใบ แต่ละใบสร้าง<color=#e92f2f>ความเสียหายกายภาพ</color> 100% และ<color=#e92f2f>ค่าสะสมเลือดออก</color> 50
Relic.Manual.43161	·<color=#d6b85b>เมื่อเกิด<color=#11f7ef> <link=\\"9012\\">[แช่แข็ง]</link></color>:</color> ทำให้เป้าหมายติด<link=\\"9033\\">แปรปรวน</link>อื่นอีก <color=#ff3911>2</color> อย่าง
Relic.Manual.43162	·<color=#d6b85b>เมื่อเกิด<link=\\"9033\\">แปรปรวน</link>:</color> เรียก<color=#f7e301>สายฟ้าทัณฑ์สวรรค์ห้าสี</color>ลงใส่เป้าหมาย สร้าง<color=#f7e301>ความเสียหายสายฟ้า</color>เท่ากับ <color=#ff3911>200%</color> ของความเสียหายอาวุธ\\n·ทุก<link=\\"9033\\">แปรปรวน</link>ที่ต่างชนิดกันบนเป้าหมาย ความเสียหาย +100%
Relic.Manual.43163	·<color=#d6b85b><link=\\"9032\\">[นัดสุดท้าย]:</link></color> <color=#99b7bb><link=\\"9035\\">โอกาสปรับตัว</link></color> 8% ที่จะกระตุ้น<color=#f44f06>โนวาเพลิง</color>เพิ่ม ทำให้ศัตรูทุกตัวในระยะติด <color=#f44f06><link=\\"9015\\">[ลุกไหม้]</link></color> <color=#ff3911>2 ครั้ง</color>\\n·<color=#d6b85b>แตกสลาย:</color> รับ <color=#f44f06><link=\\"9023\\">[เถ้าเพลิง]</link></color> <color=#ff3911>16 ชั้น</color>ถาวร
Relic.Manual.43164	·<color=#d6b85b>เมื่อสร้างความเสียหาย:</color> ปล่อย<color=#3dda4f>ระเบิดพิษ</color>ที่ตำแหน่งศัตรู ทำให้ศัตรูทุกตัวในระยะ 600 หลาติด <color=#3dda4f><link=\\"9014\\">[กัดกร่อน]</link></color> <color=#ff3911>2 ครั้ง</color> (ทำงานได้สูงสุด 1 ครั้งทุก 5 วินาที)\\n·<color=#d6b85b>แตกสลาย:</color> รับ <color=#3dda4f><link=\\"9024\\">[เติบโต]</link></color> <color=#ff3911>16 ชั้น</color>ถาวร
Relic.Manual.43165	·<color=#e92f2f>ความเสียหายกายภาพ</color> <color=#ff3911>+50%</color>\\n·พลังโจมตีกระสุนสูงสุด <color=#ff3911>+50%</color>\\n อัตรา<link=\\"9034\\">ทุบหนัก</link> +<color=#ff3911>35%</color>
Relic.Manual.43166	·<color=#d6b85b><link=\\"9002\\">ปลายทาง:</link></color> รับ <color=#11f7ef><link=\\"9025\\">[เกราะ]</link></color> <color=#ff3911>3</color>\\n·<color=#d6b85b>เมื่อมี <color=#11f7ef><link=\\"9025\\">[เกราะ]</link></color>: </color><color=#11f7ef>ความเสียหายเยือกแข็ง</color> +<color=#ff3911>50%</color>
Relic.Manual.43167	·<color=#f7e301>ความเสียหายสายฟ้า</color><color=#ff3911> +50%</color>\\n·<color=#d6b85b>เมื่อกระสุนสร้างความเสียหาย:</color> เพิ่ม<color=#f7e301>ความเสียหายสายฟ้า</color> <color=#ff3911>25</color>
Relic.Manual.43168	·<color=#f44f06>ความเสียหายเพลิง</color> <color=#ff3911>+50%</color>\\n·<color=#d6b85b>เมื่อพกพา:</color> รับ <color=#f44f06><link=\\"9023\\">[เถ้าเพลิง]</link></color> <color=#ff3911>25 ชั้น</color>\\n·<color=#d6b85b><link=\\"9022\\">[แตกสลาย]</link></color>: รับ <color=#f44f06><link=\\"9023\\">[เถ้าเพลิง]</link></color> <color=#ff3911>6 ชั้น</color>ถาวร
Relic.Manual.43169	·<color=#3dda4f>ความเสียหายกรด</color> <color=#ff3911>+50%</color>\\n·<color=#d6b85b>เมื่อพกพา:</color> รับ <color=#3dda4f><link=\\"9024\\">[เติบโต]</link></color> <color=#ff3911>25 ชั้น</color>\\n·<color=#d6b85b><link=\\"9022\\">[แตกสลาย]</link></color>: รับ <color=#3dda4f><link=\\"9024\\">[เติบโต]</link></color> <color=#ff3911>6 ชั้น</color>ถาวร
Relic.Manual.43170	·<color=#e92f2f>ความเสียหายกายภาพ</color> <color=#ff3911>+120%</color>\\n·โบนัส<color=#e92f2f>ความเสียหายกายภาพ</color>ของคุณมีผลกับ<color=#a024ff>ความเสียหายสกิลรบ</color>เท่ากันด้วย (พาสซีฟเฉพาะ)
Relic.Manual.43171	·<color=#d6b85b><link=\\"9002\\">ปลายทาง:</link></color> รับ <color=#11f7ef><link=\\"9025\\">[เกราะ]</link></color> <color=#ff3911>4</color> <color=#ff3911>กระตุ้น 2 ครั้ง</color>\\n·<color=#d6b85b>เมื่อมี <color=#11f7ef><link=\\"9025\\">[เกราะ]</link></color> 15 ชั้น: </color><color=#11f7ef>ความเสียหายเยือกแข็ง</color> +<color=#ff3911>120%</color>
Relic.Manual.43172	·<color=#f7e301>ความเสียหายสายฟ้า</color> <color=#ff3911>+75%</color>\\n·ทุก 2 วินาที เข้าสู่สถานะ <color=#f7e301><link=\\"9021\\">[โอเวอร์โหลด]</link></color> นาน 1 วินาที\\n·<color=#f7e301><link=\\"9021\\">[โอเวอร์โหลด]</link></color>: <color=#f7e301>ความเสียหายสายฟ้า</color> +<color=#ff3911>75%</color>
Relic.Manual.43173	·<color=#f44f06>ความเสียหายเพลิง</color> <color=#ff3911>+120%</color>\\n·โบนัส<color=#f44f06>ความเสียหายเพลิง</color>ของคุณมีผลกับความเสียหาย<link=\\"9033\\">แปรปรวน</link>เท่ากันด้วย (พาสซีฟเฉพาะ)\\n·<color=#d6b85b><link=\\"9022\\">[แตกสลาย]</link></color>: รับ <color=#f44f06><link=\\"9023\\">[เถ้าเพลิง]</link></color> <color=#ff3911>30 ชั้น</color>ถาวร
Relic.Manual.43174	·<color=#3dda4f>ความเสียหายกรด</color> <color=#ff3911>+120%</color>\\n·โบนัส<color=#3dda4f>ความเสียหายกรด</color>ของคุณมีผลกับพลังโจมตีกระสุนเท่ากันด้วย (พาสซีฟเฉพาะ)\\n·<color=#d6b85b><link=\\"9022\\">[แตกสลาย]</link></color>: รับ <color=#3dda4f><link=\\"9024\\">[เติบโต]</link></color> <color=#ff3911>30 ชั้น</color>ถาวร
Relic.Manual.43175	·หลอมกับเรลิคใดก็ได้\\n·<color=#d6b85b><link=\\"9022\\">[แตกสลาย]</link></color>: รับ <color=#f44f06><link=\\"9023\\">[เถ้าเพลิง]</link></color>, <color=#3dda4f><link=\\"9024\\">[เติบโต]</link></color> และ <color=#11f7ef><link=\\"9025\\">[เกราะ]</link></color> อย่างละ 7 ชั้นถาวร
Relic.Manual.43176	·<color=#d6b85b>เมื่อเกิด </color><color=#f44f06><link=\\"9015\\">[ลุกไหม้]</link></color><color=#d6b85b>:</color> กระตุ้น <color=#f7e301><link=\\"9013\\">[ปั่นป่วน]</link></color> <color=#ff3911>1 ครั้ง</color> (พาสซีฟเฉพาะ)\\n·<color=#f7e301>เรโซแนนซ์สายฟ้า:</color> ทุก<color=#f7e301>เรลิคสายฟ้า</color>ที่มี <color=#f7e301><link=\\"9013\\">[ปั่นป่วน]</link></color> ถูกกระตุ้นเพิ่มอีก <color=#ff3911>1</color> ครั้ง\\n·<color=#d6b85b>เมื่อเกิดแปรปรวน:</color> สร้าง<color=#fff8cb>ความเสียหายจริง</color>เพิ่ม <color=#ff3911>50%</color>\\n·<color=#d6b85b><link=\\"9022\\">[แตกสลาย]</link></color>: รับ <color=#f44f06><link=\\"9023\\">[เถ้าเพลิง]</link></color> <color=#ff3911>16 ชั้น</color>ถาวร
Relic.Manual.43177	·<color=#d6b85b>เมื่อยิง:</color> เพิ่ม<color=#11f7ef>ความเสียหายเยือกแข็ง</color>เท่ากับ <color=#ff3911>60%</color> ของความเสียหายที่ทำได้ และ<color=#f44f06>ความเสียหายเพลิง</color>เท่ากับ <color=#ff3911>60%</color> ของความเสียหายที่ทำได้\\n·<color=#d6b85b><link=\\"9022\\">[แตกสลาย]</link></color>: รับ <color=#f44f06><link=\\"9023\\">[เถ้าเพลิง]</link></color> <color=#ff3911>16 ชั้น</color>ถาวร
Relic.Manual.43178	·ทุบหนักและคริติคอลทำลายเกราะ ลดความต้านทานทั้งหมดของศัตรู <color=#ff3911>5%</color> ซ้อนได้สูงสุด 5 ชั้น\\n·<color=#11f7ef>เรโซแนนซ์เยือกแข็ง:</color> ทุก<color=#11f7ef>เรลิคเยือกแข็ง</color>ที่มี ลดความต้านทานเพิ่มอีก <color=#ff3911>5%</color>
Relic.Manual.43179	·<color=#3dda4f><link=\\"9024\\">[เติบโต]</link></color> แต่ละชั้นเพิ่มพลังโจมตีกระสุนสูงสุด <color=#ff3911>0.2%</color>\\n·<color=#e92f2f>เรโซแนนซ์กายภาพ:</color> ทุก<color=#e92f2f>เรลิคกายภาพ</color>ที่มี เพิ่มเพดานอีก <color=#ff3911>0.2%</color>\\n·<color=#d6b85b><link=\\"9022\\">[แตกสลาย]</link></color>: รับ <color=#3dda4f><link=\\"9024\\">[เติบโต]</link></color> <color=#ff3911>16 ชั้น</color>ถาวร
Relic.Manual.43180	·หากศัตรูติดทั้ง <color=#f7e301><link=\\"9013\\">[ปั่นป่วน]</link></color> และ <color=#3dda4f><link=\\"9014\\">[กัดกร่อน]</link></color> คุณจะปล่อยการสลายใส่มันทุก 0.5 วินาที สร้าง<color=#3dda4f>ความเสียหายกรด</color> <color=#ff3911>500%</color> และ<color=#f7e301>ความเสียหายสายฟ้า</color> <color=#ff3911>500%</color> การสลายนับเป็นความเสียหายแปรปรวน\\n·<color=#d6b85b><link=\\"9022\\">[แตกสลาย]</link></color>: รับ <color=#3dda4f><link=\\"9024\\">[เติบโต]</link></color> <color=#ff3911>16 ชั้น</color>ถาวร
Relic.Manual.43181	·<color=#11f7ef><link=\\"9025\\">[เกราะ]</link></color> แต่ละชั้นเพิ่ม<color=#3dda4f>ความเสียหายกรด</color> <color=#ff3911>0.2%</color>\\n·<color=#11f7ef>เรโซแนนซ์เยือกแข็ง:</color> ทุก<color=#11f7ef>เรลิคเยือกแข็ง</color>ที่มี เพิ่มความเสียหายอีก <color=#ff3911>0.2%</color>\\n·<color=#d6b85b><link=\\"9022\\">[แตกสลาย]</link></color>: รับ <color=#3dda4f><link=\\"9024\\">[เติบโต]</link></color> <color=#ff3911>16 ชั้น</color>ถาวร
Relic.Manual.43182	·<color=#d6b85b>เมื่อการยิงของคุณสร้างความเสียหาย:</color> หากกระสุนออกทั้ง<color=#d6b85b><link=\\"9034\\">ทุบหนัก</link></color>และคริติคอล ความเสียหายที่ทำได้ +<color=#ff3911>65%</color>\\n· <color=#f44f06>เรโซแนนซ์เพลิง:</color> ทุก<color=#f44f06>เรลิคเพลิง</color>ที่มี เพิ่มความเสียหายอีก <color=#ff3911>65%</color>\\n·<color=#d6b85b><link=\\"9022\\">[แตกสลาย]</link></color>: รับ <color=#f44f06><link=\\"9023\\">[เถ้าเพลิง]</link></color> <color=#ff3911>16 ชั้น</color>ถาวร
Relic.Manual.43183	·อัตรายิง <color=#ff3911>+60%</color>\\n·หากอัตรายิงของคุณเกิน <color=#ff3911>180%</color> กระสุนจะสร้าง<color=#e92f2f>ความเสียหายกายภาพ</color>เพิ่มเท่ากับ <color=#ff3911>70%</color> ของพลังโจมตีกระสุน\\n·<color=#f7e301>เรโซแนนซ์สายฟ้า:</color> ทุก<color=#f7e301>เรลิคสายฟ้า</color>ที่มี สร้าง<color=#e92f2f>ความเสียหายกายภาพ</color>เพิ่มเท่ากับ <color=#ff3911>70%</color> ของพลังโจมตีกระสุน
Relic.Manual.43184	·<color=#d6b85b>เมื่อใช้<color=#a024ff>สกิลรบ</color>: </color>ขว้าง<color=#d6b85b>ขวดกรดเพลิง</color> สร้างความเสียหาย <color=#ff3911>120%</color> <color=#f44f06>เพลิง</color>จาก<color=#a024ff>สกิลรบ</color> และ <color=#ff3911>120%</color> <color=#3dda4f>กรด</color>จาก<color=#a024ff>สกิลรบ</color> ต่อวินาที นาน 5 วินาที\\n·ทุกชั้นของ <color=#f44f06><link=\\"9023\\">[เถ้าเพลิง]</link></color> หรือ <color=#3dda4f><link=\\"9024\\">[เติบโต]</link></color> ที่มี ความเสียหาย<color=#d6b85b>ขวดกรดเพลิง</color> +<color=#ff3911>1.2%</color>\\n·<color=#d6b85b><link=\\"9022\\">[แตกสลาย]</link></color>: รับ <color=#f44f06><link=\\"9023\\">[เถ้าเพลิง]</link></color> และ <color=#3dda4f><link=\\"9024\\">[เติบโต]</link></color> อย่างละ <color=#ff3911>16</color> ชั้นถาวร
Relic.Manual.43185	·<color=#d6b85b>เมื่อเกิด <color=#11f7ef><link=\\"9012\\">[แช่แข็ง]</link></color>: </color>เข้าสู่สถานะ <color=#f7e301><link=\\"9021\\">[โอเวอร์โหลด]</link></color> นาน 1 วินาที\\n·<color=#f7e301><link=\\"9021\\">[โอเวอร์โหลด]</link></color>: <color=#11f7ef>ความเสียหายเยือกแข็ง</color> +<color=#ff3911>80%</color>\\n·<color=#f7e301>เรโซแนนซ์สายฟ้า:</color> ทุก<color=#f7e301>เรลิคสายฟ้า</color>ที่มี เพิ่ม<color=#11f7ef>ความเสียหายเยือกแข็ง</color>อีก <color=#ff3911>80%</color>
Relic.Manual.43186	·<color=#d6b85b>เมื่อสร้างความเสียหายธาตุใดก็ตาม:</color> ความเสียหายสุดท้าย +<color=#ff3911>50%</color> นาน 8 วินาที แต่ละธาตุสะสมเอฟเฟกต์นี้ได้ 1 ชั้น\\n·เมื่อครบ 5 ชั้น จะเรียก<color=#d6b85b>มังกรน้อยห้าสี</color>ทุก 5 วินาที\\n·<color=#d6b85b>มังกรน้อยห้าสี:</color> พ่นลมหายใจมังกรใส่ศัตรูจากด้านบน สร้าง<color=#fff8cb>ความเสียหายจริง</color>เท่ากับจำนวนชั้น <color=#3dda4f>[เติบโต]</color> * จำนวนชั้น <color=#f44f06>[เถ้าเพลิง]</color> * <color=#ff3911>10%</color>
Relic.Manual.43187	·ทุกชั้นของ <color=#f44f06>[เถ้าเพลิง]</color> หรือ <color=#3dda4f>[เติบโต]</color> ที่มี ความเสียหายแปรปรวน +<color=#ff3911>2%</color>\\n·<color=#d6b85b>หลังกระตุ้นแปรปรวน 10 ครั้ง:</color> ยิงห่าลูกศรใส่ศัตรูที่ใกล้ที่สุด สร้างความเสียหาย<color=#e92f2f>กายภาพ</color> <color=#11f7ef>เยือกแข็ง</color> และ<color=#f7e301>สายฟ้า</color> <color=#ff3911>500%</color> ความเสียหายนี้นับเป็นความเสียหายแปรปรวน
Relic.Manual.43188	·<color=#a024ff>ความเสียหายสกิลรบ</color><color=#ff3911> +120%</color>\\n·<color=#d6b85b>เมื่อใช้<color=#a024ff>สกิลรบ</color>: </color><color=#a024ff>สกิลรบ</color>ที่สร้างความเสียหายจะกระตุ้นเพิ่มอีก <color=#ff3911>2 ครั้ง</color>
Relic.Manual.43189	·ความเสียหายธาตุทั้งหมดของคุณ +<color=#ff3911>80%</color> ยกเว้นธาตุของอาวุธหลัก\\n·<color=#d6b85b>เรโซแนนซ์ห้าสี:</color> เรลิคที่มีธาตุต่างกันแต่ละชิ้นที่มีเพิ่มความเสียหายอีก <color=#ff3911>80%</color>
Relic.Manual.43190	·หากคุณมีเรลิคที่มี <color=#d6b85b><link=\\"9022\\">[แตกสลาย]</link></color> <color=#ff3911>3</color> ชิ้น จะได้รับเอฟเฟกต์นี้:\\n·<color=#d6b85b><link=\\"9001\\">[ออกเดินทาง]: </link></color>กระตุ้นเอฟเฟกต์ <color=#d6b85b><link=\\"9022\\">[แตกสลาย]</link></color> ของเรลิคที่มี 1 ชิ้นแบบสุ่ม กระตุ้น <color=#ff3911>2 ครั้ง</color>
Relic.Manual.43191	·<color=#d6b85b>เมื่อพกพา:</color> ทุก 20 เหรียญที่ใช้จ่าย เพิ่มความเสียหายสุดท้ายและความเสียหายธาตุของอาวุธหลัก <color=#ff3911>2%</color> ถาวร\\n·<color=#d6b85b><link=\\"9001\\">[ออกเดินทาง]:</link></color> รับ <color=#ff3911>50</color> เหรียญ
Relic.Manual.43192	·พลังโจมตีกระสุนสูงสุด <color=#ff3911>+120%</color>\\n อัตรา<link=\\"9034\\">ทุบหนัก</link> <color=#ff3911>+100%</color>\\n <color=#d6b85b>เมื่อสร้างความเสียหายทุบหนัก:</color> สร้างความเสียหายเพิ่มให้ศัตรู <color=#ff3911>สองเท่า</color>
Relic.Manual.43193	·<color=#d6b85b>เมื่อสะสมพลัง:</color> ยิงมิสไซล์เล็กไปข้างหน้าทุก 0.3 วินาที สร้างความเสียหายจริงเท่ากับ <color=#ff3911>50%</color> ของพลังโจมตีกระสุน
Relic.Manual.43194	·+1 ลูกกระสุน \\n·<color=#d6b85b>สะสมพลังเต็ม:</color> <color=#ff3911>+3</color> ลูกกระสุน
Relic.Manual.43195	·<color=#d6b85b>สะสมพลังเต็ม:</color> พลังโจมตีกระสุน +<color=#ff3911>220%</color>
Relic.Manual.43196	·<color=#d6b85b>สะสมพลังเต็ม:</color> ยิงกระสุนแบบเดียวกันเพิ่มอีก 1 นัด (ทำงานได้สูงสุด 1 ครั้ง<color=#ff3911>ทุกวินาที</color>)
Relic.Manual.43197	·ความเร็วสะสมพลัง <color=#ff3911>+35%</color>\\n·<color=#d6b85b>เมื่อใช้ท่าไม้ตาย:</color> ใน <color=#ff3911>7 วินาที</color>ถัดไป อาวุธสะสมพลังของคุณจะยิงได้ทันที
Relic.Manual.43198	·<color=#d6b85b>สะสมพลังเต็ม:</color> เติมกระสุนทันที 1 นัด ·เอฟเฟกต์ที่กระตุ้นตอนสะสมพลังเต็มจะกระตุ้นเพิ่มอีก <color=#ff3911>2</color> ครั้ง
Relic.Manual.43199	·<color=#d6b85b>สะสมพลังเต็ม:</color> ยิงมิสไซล์ 5 ลูกใส่ศัตรูที่ใกล้ที่สุด สร้างความเสียหายธาตุของอาวุธหลักเท่ากับ <color=#ff3911>250%</color> ของพลังโจมตีกระสุนสูงสุด\\n·ความเสียหายมิสไซล์นับเป็นความเสียหายกระสุน แปรปรวน และ<color=#a024ff>ความเสียหายสกิลรบ</color>
Relic.Manual.43200	·อัตราคริติคอล <color=#ff3911>+50%</color>\\n·ความเสียหายคริติคอล <color=#ff3911>+60%</color>\\n·<color=#d6b85b><link=\\"9022\\">[แตกสลาย]</link></color>: รับ <color=#f44f06><link=\\"9023\\">[เถ้าเพลิง]</link></color> <color=#ff3911>6 ชั้น</color>ถาวร
Relic.Manual.43201	·อัตราคริติคอล +50%\\n·<color=#d6b85b>เมื่อออกคริติคอล:</color> รับ <color=#f44f06>[เถ้าเพลิง]</color> ชั่วคราว <color=#ff3911>2 ชั้น</color> สูงสุด <color=#ff3911>250 ชั้น</color> หายไปหลังการต่อสู้\\n·<color=#d6b85b><link=\\"9022\\">[แตกสลาย]</link></color>: รับ <color=#f44f06><link=\\"9023\\">[เถ้าเพลิง]</link></color> <color=#ff3911>16 ชั้น</color>ถาวร
Relic.HideManual.43001	<color=#d6b85b>ความโง่ไม่รู้จบ: </color>เอฟเฟกต์ของ <color=#d6b85b>[ไพ่ทาโรต์ - คนโง่]</color> ถูกกระตุ้นเพิ่มอีก 2 ครั้ง (พาสซีฟเฉพาะ)
Relic.HideManual.43002	<color=#d6b85b>นักฆ่ากระต่าย: </color>เมื่อมี <color=#d6b85b>[ไพ่ทาโรต์ - นักมายากล]</color> อัตราคริติคอลต่อกระต่าย +50% (พาสซีฟเฉพาะ)
Relic.HideManual.43003	<color=#d6b85b>คำภาวนาศักดิ์สิทธิ์: </color>เมื่อมี <color=#d6b85b>[ไพ่ทาโรต์ - นักบวชหญิง]</color> การฟื้นฟูที่ได้รับทั้งหมด +50% (พาสซีฟเฉพาะ)
Relic.HideManual.43004	<color=#d6b85b>พรแห่งการเก็บเกี่ยว:</color> เมื่อ <color=#d6b85b>[ไพ่ทาโรต์ - จักรพรรดินี]</color> กระตุ้นการคืนไอเทม จะคืนไอเทมเพิ่มอีก 1 ชิ้น จำกัด 1 ครั้งต่อด่าน (พาสซีฟเฉพาะ)
Relic.HideManual.43005	<color=#d6b85b>บารมีราชัน:</color> เมื่อมี <color=#d6b85b>[ไพ่ทาโรต์ - จักรพรรดิ]</color> ความเสียหายคริติคอลคูณสอง (พาสซีฟเฉพาะ)
Relic.HideManual.43006	<color=#d6b85b>กวาดล้างพวกนอกรีต:</color> เมื่อมี <color=#d6b85b>[ไพ่ทาโรต์ - พระสันตะปาปา]</color> <color=#f7e301>สายฟ้าฟาด</color>จะเล็งเป้าหมายที่ถูกทำเครื่องหมาย <color=#d6b85b>[คนนอกรีต]</color> ก่อน (พาสซีฟเฉพาะ)
Relic.HideManual.43007	<color=#d6b85b>รวมเป็นหนึ่ง:</color> เมื่อมี <color=#d6b85b>[ไพ่ทาโรต์ - คู่รัก]</color> จะเปิดใช้เอฟเฟกต์ของอีกด้านหนึ่งของ <color=#d6b85b>[ไพ่ทาโรต์ - คู่รัก]</color> ด้วย (พาสซีฟเฉพาะ)
Relic.HideManual.43008	<color=#d6b85b>ราชรถแห่งชัยชนะ:</color> เมื่อมี <color=#d6b85b>[ไพ่ทาโรต์ - ราชรถ]</color> เอฟเฟกต์ของ <color=#d6b85b>[ล้อราชรถ]</color> ถูกกระตุ้น 2 ครั้ง (พาสซีฟเฉพาะ)
Relic.HideManual.43009	<color=#d6b85b>ต้นกำเนิดพลัง:</color> เอฟเฟกต์ของ <color=#d6b85b>[ไพ่ทาโรต์ - พลัง]</color> คูณสอง (พาสซีฟเฉพาะ)
Relic.HideManual.43010	<color=#d6b85b>ผู้สันโดษ:</color> เมื่อมี <color=#d6b85b>[ไพ่ทาโรต์ - ฤๅษี]</color> เมื่อออกจาก <color=#d6b85b>[พร้อมลอบสังหาร]</color> จะถือว่าไม่มีใครอยู่ในรัศมีของคุณนาน 3 วินาที (พาสซีฟเฉพาะ)
Relic.HideManual.43011	<color=#d6b85b>โชคชะตาบรรจบ:</color> เมื่อมี <color=#d6b85b>[ไพ่ทาโรต์ - กงล้อแห่งโชคชะตา]</color> ไพ่ทาโรต์ทุกใบของคุณจะนับเป็นทั้งไพ่ตั้งตรงและไพ่กลับหัว (พาสซีฟเฉพาะ)
Relic.HideManual.43012	<color=#d6b85b>ความยุติธรรมสัมบูรณ์:</color> เมื่อมี <color=#d6b85b>[ไพ่ทาโรต์ - ความยุติธรรม]</color> <color=#d6b85b>[ดาบแห่งความยุติธรรม]</color> จะมีผลกับศัตรูที่พลังชีวิตสูงกว่า 65% หรือต่ำกว่า 35% (พาสซีฟเฉพาะ)
Relic.HideManual.43013	<color=#d6b85b>ความหวาดระแวงและการเสียสละ:</color> เอฟเฟกต์ของ <color=#d6b85b>[ไพ่ทาโรต์ - คนแขวนคอ]</color> ถูกกระตุ้นเพิ่มอีก 1 ครั้ง (พาสซีฟเฉพาะ)
Relic.HideManual.43014	<color=#d6b85b>จุดจบแห่งความตาย:</color> เอฟเฟกต์ของ <color=#d6b85b>[ไพ่ทาโรต์ - ความตาย]</color> ถูกกระตุ้นเพิ่มอีก 1 ครั้ง (พาสซีฟเฉพาะ)
Relic.HideManual.43015	<color=#d6b85b>พลังแห่งความพอดี:</color> เมื่อมี <color=#d6b85b>[ไพ่ทาโรต์ - ความพอดี]</color> เอฟเฟกต์ของ <color=#d6b85b>[ตราแห่งความพอดี]</color> จะกลายเป็น: รับ <color=#f44f06><link=\\"9023\\">[เถ้าเพลิง]</link></color> และ <color=#3dda4f><link=\\"9024\\">[เติบโต]</link></color> 5 ชั้น (พาสซีฟเฉพาะ)
Relic.HideManual.43016	<color=#d6b85b>จิตวิญญาณสัญญาปีศาจ:</color> เมื่อมี <color=#d6b85b>[ไพ่ทาโรต์ - ปีศาจ]</color> เมื่อคุณถอด <color=#d6b85b>[สัญญานรก]</color> หรือ <color=#d6b85b>[สัญญาปีศาจ]</color> จะแปลงเอฟเฟกต์ <color=#d6b85b>[ก้อย]</color> 1 ชั้นเป็นเอฟเฟกต์ <color=#d6b85b>[หัว]</color> (พาสซีฟเฉพาะ)
Relic.HideManual.43017	<color=#d6b85b>เปิดประตูหอคอย:</color> เมื่อมี <color=#d6b85b>[ไพ่ทาโรต์·- หอคอย]</color> การ<color=#d6b85b><link=\\"9022\\">[แตกสลาย]</link></color> <color=#d77d3a>กุญแจหอคอย</color> จะให้เรลิคเพิ่มอีก 2 ชิ้น (พาสซีฟเฉพาะ)
Relic.HideManual.43018	<color=#d6b85b>ดาวเยียวยา:</color> เมื่อ <color=#d6b85b>[ไพ่ทาโรต์ - ดวงดาว]</color> ถูกทำลาย จะรับ <color=#3dda4f><link=\\"9024\\">[เติบโต]</link></color> 200 ชั้น (พาสซีฟเฉพาะ)
Relic.HideManual.43019	<color=#d6b85b>จันทร์แปรปรวน:</color> เมื่อมี <color=#d6b85b>[ไพ่ทาโรต์ - ดวงจันทร์]</color> การกระตุ้นแปรปรวนมีโอกาส 33% กระตุ้นเพิ่มอีก 1 ครั้ง (พาสซีฟเฉพาะ)
Relic.HideManual.43020	<color=#d6b85b>เที่ยงวันหยิ่งผยอง:</color> เมื่อมี <color=#d6b85b>[ไพ่ทาโรต์ - ดวงอาทิตย์]</color> <color=#d6b85b>[พรแห่งสุริยันศักดิ์สิทธิ์]</color> และ <color=#d6b85b>[พรแห่งสุริยันแผดเผา]</color> จะคงอยู่ในสถานะเที่ยงวันนาน 5 วินาที (พาสซีฟเฉพาะ)
Relic.HideManual.43021	<color=#d6b85b>คำพิพากษาสุดท้าย:</color> เมื่อมี <color=#d6b85b>[ไพ่ทาโรต์ - การพิพากษา]</color> การสร้างความเสียหายแก่ศัตรูที่พลังชีวิตต่ำกว่า 10% จะสังหารเป้าหมายทันที (พาสซีฟเฉพาะ)
Relic.HideManual.43022	<color=#d6b85b>พลังแห่งโลก:</color> เมื่อมี <color=#d6b85b>[ไพ่ทาโรต์ - โลก]</color> ทุกเรลิค <color=#d77d3a>[ตำนาน]</color> เพิ่มเติมที่มี เอฟเฟกต์ของ <color=#d77d3a>[ศิลาโลก]</color> ถูกกระตุ้นเพิ่มอีก 1 ครั้ง (พาสซีฟเฉพาะ)
